index,name,trips,lat,lon,trips_scaled
4066,Hyde Park - Kensington Gardens,260185,"(51.50562, 51.506)","(-0.16149, -0.18487)",1.0
1265,Bethnal Green - Shoreditch,172041,"(51.52744, 51.52416)","(-0.05739, -0.07619)",0.6612243642960366
3912,Holborn - Waterloo,165402,"(51.51776, 51.50095)","(-0.11324, -0.11342)",0.6357078067828921
4075,Hyde Park - Mayfair,156800,"(51.50562, 51.50988)","(-0.16149, -0.1479)",0.6026465885680902
683,Battersea - Clapham Junction,156729,"(51.47151, 51.46406)","(-0.16366, -0.17169)",0.6023737047627832
3854,Holborn - King's Cross,154330,"(51.51776, 51.53367)","(-0.11324, -0.12209)",0.5931533068905082
1437,Bloomsbury - King's Cross,148688,"(51.52292, 51.53367)","(-0.12635, -0.12209)",0.5714686529532945
3393,Fulham - Hammersmith,147381,"(51.47634, 51.48948)","(-0.21127, -0.22358)",0.566445284875319
4848,Marylebone - Paddington,143580,"(51.51948, 51.51778)","(-0.15783, -0.17339)",0.5518363927066998
4837,Marylebone - Mayfair,140325,"(51.51948, 51.50988)","(-0.15783, -0.1479)",0.5393260154352304
1429,Bloomsbury - Holborn,138721,"(51.52292, 51.51776)","(-0.12635, -0.11324)",0.5331611474956184
4074,Hyde Park - Marylebone,136641,"(51.50562, 51.51948)","(-0.16149, -0.15783)",0.5251668050302862
3843,Hammersmith - West Kensington,135496,"(51.48948, 51.4876)","(-0.22358, -0.20617)",0.520766073240476
667,Battersea - Battersea Park,134010,"(51.47151, 51.47738)","(-0.16366, -0.1542)",0.5150547304984164
5597,Pimlico - Westminster,133648,"(51.48891, 51.49676)","(-0.13785, -0.13301)",0.5136634074347385
6416,Vauxhall - Waterloo,132416,"(51.49028, 51.50095)","(-0.1185, -0.11342)",0.5089282968975801
4307,Kensington - South Kensington,132062,"(51.50034, 51.49441)","(-0.19268, -0.17807)",0.5075677213049227
4876,Marylebone - The Regent's Park,131803,"(51.51948, 51.53038)","(-0.15783, -0.15448)",0.5065722719306337
3330,Fitzrovia - Marylebone,131502,"(51.51986, 51.51948)","(-0.13867, -0.15783)",0.505415398333487
4130,Hyde Park - Westminster,129895,"(51.50562, 51.49676)","(-0.16149, -0.13301)",0.4992390000922424
6421,Vauxhall - Westminster,127520,"(51.49028, 51.49676)","(-0.1185, -0.13301)",0.49011084463302895
5584,Pimlico - Victoria,127250,"(51.48891, 51.49382)","(-0.13785, -0.14285)",0.4890731174860868
3464,Fulham - West Kensington,119971,"(51.47634, 51.4876)","(-0.21127, -0.20617)",0.46109676229130153
4068,Hyde Park - Knightsbridge,118751,"(51.50562, 51.49808)","(-0.16149, -0.16788)",0.456407772960674
4870,Marylebone - St.John's Wood,118735,"(51.51948, 51.52981)","(-0.15783, -0.17254)",0.456346278018633
4502,Knightsbridge - South Kensington,118265,"(51.49808, 51.49441)","(-0.16788, -0.17807)",0.4545398640961781
6331,Strand - Westminster,114589,"(51.51027, 51.49676)","(-0.12048, -0.13301)",0.4404114011622544
6436,Victoria - Westminster,113903,"(51.49382, 51.49676)","(-0.14285, -0.13301)",0.4377748055222458
4065,Hyde Park - Kensington,110960,"(51.50562, 51.50034)","(-0.16149, -0.19268)",0.4264635796205762
1645,Bow - Mile End,108554,"(51.5255, 51.52326)","(-0.02317, -0.03619)",0.41721627771115827
4028,Hoxton - Shoreditch,107460,"(51.53134, 51.52416)","(-0.08565, -0.07619)",0.4130115610491037
1925,Camden Town - King's Cross,107093,"(51.53821, 51.53367)","(-0.14134, -0.12209)",0.4116010208160379
1444,Bloomsbury - Marylebone,106063,"(51.52292, 51.51948)","(-0.12635, -0.15783)",0.4076422839221474
4683,Liverpool Street - Shoreditch,106001,"(51.51883, 51.52416)","(-0.08165, -0.07619)",0.40740399102173847
1096,Bermondsey - Borough,104292,"(51.49718, 51.49946)","(-0.073, -0.09326)",0.4008355625249823
790,Battersea Park - Clapham Junction,103906,"(51.47738, 51.46406)","(-0.1542, -0.17169)",0.3993519970482428
929,Bayswater - Marylebone,103777,"(51.515, 51.51948)","(-0.18647, -0.15783)",0.3988561940780371
1595,Borough - Waterloo,102333,"(51.49946, 51.50095)","(-0.09326, -0.11342)",0.3933062755588353
6296,Stockwell - Vauxhall,101889,"(51.4741, 51.49028)","(-0.11947, -0.1185)",0.39159979091719704
4710,Liverpool Street - Waterloo,99196,"(51.51883, 51.50095)","(-0.08165, -0.11342)",0.38124942348491836
1932,Camden Town - Marylebone,98068,"(51.53821, 51.51948)","(-0.14134, -0.15783)",0.37691403007102664
4036,Hoxton - St. Luke's,97225,"(51.53134, 51.52613)","(-0.08565, -0.0929)",0.3736740153122406
1276,Bethnal Green - Stepney,96533,"(51.52744, 51.51704)","(-0.05739, -0.04924)",0.37101435906896657
155,Angel - Hoxton,96391,"(51.53324, 51.53134)","(-0.10652, -0.08565)",0.37046859145835254
1406,Bloomsbury - Camden Town,96360,"(51.52292, 51.53821)","(-0.12635, -0.14134)",0.3703494450081481
4111,Hyde Park - Strand,95125,"(51.50562, 51.51027)","(-0.16149, -0.12048)",0.3656028041693571
787,Battersea Park - Chelsea,94240,"(51.47738, 51.48862)","(-0.1542, -0.16723)",0.36220136518771334
4272,Kensington - Knightsbridge,94119,"(51.50034, 51.49808)","(-0.19268, -0.16788)",0.3617363096885281
6290,Stepney - Whitechapel,93283,"(51.51704, 51.51808)","(-0.04924, -0.06597)",0.358523198966885
4474,Knightsbridge - Mayfair,92088,"(51.49808, 51.50988)","(-0.16788, -0.1479)",0.3539302954831965
917,Bayswater - Hyde Park,92080,"(51.515, 51.50562)","(-0.18647, -0.16149)",0.353899548012176
4862,Marylebone - Soho,91575,"(51.51948, 51.5134)","(-0.15783, -0.13325)",0.3519586139040064
3738,Haggerston - Shoreditch,91098,"(51.53581, 51.52416)","(-0.07083, -0.07619)",0.35012529594440855
4001,Hoxton - Liverpool Street,91077,"(51.53134, 51.51883)","(-0.08565, -0.08165)",0.35004458383297976
4409,King's Cross - Marylebone,90409,"(51.53367, 51.51948)","(-0.12209, -0.15783)",0.3474771700027673
2827,Earl's Court - Kensington,90260,"(51.49213, 51.50034)","(-0.19276, -0.19268)",0.3469044983550103
4984,Mile End - Stepney,89731,"(51.52326, 51.51704)","(-0.03619, -0.04924)",0.34487132183377917
3422,Fulham - Parson's Green,89277,"(51.47634, 51.47204)","(-0.21127, -0.20051)",0.3431264028533653
2150,Chelsea - South Kensington,88923,"(51.48862, 51.49441)","(-0.16723, -0.17807)",0.3417658272607078
4473,Knightsbridge - Marylebone,87250,"(51.49808, 51.51948)","(-0.16788, -0.15783)",0.33533576238354396
4103,Hyde Park - South Kensington,87179,"(51.50562, 51.49441)","(-0.16149, -0.17807)",0.33506287857823697
5828,Sands End - Walham Green,86344,"(51.47049, 51.47731)","(-0.18915, -0.19283)",0.33185361129047136
2865,Earl's Court - South Kensington,85625,"(51.49213, 51.49441)","(-0.19276, -0.17807)",0.32909018233250315
440,Bank - Waterloo,85506,"(51.5128, 51.50095)","(-0.09163, -0.11342)",0.3286328137010731
1972,Camden Town - The Regent's Park,83818,"(51.53821, 51.53038)","(-0.14134, -0.15448)",0.3221450973157458
161,Angel - King's Cross,83818,"(51.53324, 51.53367)","(-0.10652, -0.12209)",0.3221450973157458
3861,Holborn - Marylebone,83175,"(51.51776, 51.51948)","(-0.11324, -0.15783)",0.31967376933247243
1299,Bethnal Green - Whitechapel,83083,"(51.52744, 51.51808)","(-0.05739, -0.06597)",0.31932017341573654
6236,St. Paul's - Waterloo,82563,"(51.51356, 51.50095)","(-0.0994, -0.11342)",0.3173215877994035
5982,Shoreditch - Whitechapel,82294,"(51.52416, 51.51808)","(-0.07619, -0.06597)",0.3162877040863389
6520,Waterloo - Westminster,81796,"(51.50095, 51.49676)","(-0.11342, -0.13301)",0.31437367401531224
3087,Euston - Marylebone,80280,"(51.5261, 51.51948)","(-0.13489, -0.15783)",0.30854702825692587
2444,Clapham Junction - Wandsworth,79894,"(51.46406, 51.45998)","(-0.17169, -0.19446)",0.3070634627801863
837,Battersea Park - Pimlico,78423,"(51.47738, 51.48891)","(-0.1542, -0.13785)",0.30140977154629034
6132,South Kensington - West Chelsea,78118,"(51.49441, 51.48226)","(-0.17807, -0.17975)",0.3002375242136334
3858,Holborn - Liverpool Street,77769,"(51.51776, 51.51883)","(-0.11324, -0.08165)",0.29889616579036377
2174,Chelsea - West Chelsea,77511,"(51.48862, 51.48226)","(-0.16723, -0.17975)",0.29790455984995234
2115,Chelsea - Knightsbridge,76268,"(51.48862, 51.49808)","(-0.16723, -0.16788)",0.29312717154014084
2472,Clerkenwell - Holborn,75888,"(51.5262, 51.51776)","(-0.10962, -0.11324)",0.2916666666666667
680,Battersea - Chelsea,75403,"(51.47151, 51.48862)","(-0.16366, -0.16723)",0.28980260123604834
6326,Strand - Waterloo,74895,"(51.51027, 51.50095)","(-0.12048, -0.11342)",0.28785013682624605
4253,Kennington - Vauxhall,74383,"(51.48872, 51.49028)","(-0.10729, -0.1185)",0.2858822986809335
1572,Borough - South Bank,73599,"(51.49946, 51.50561)","(-0.09326, -0.1129)",0.28286904652092365
5204,Nine Elms - Vauxhall,72608,"(51.48107, 51.49028)","(-0.1387, -0.1185)",0.27906020354825817
1243,Bethnal Green - Mile End,72563,"(51.52744, 51.52326)","(-0.05739, -0.03619)",0.2788872490237678
1412,Bloomsbury - Clerkenwell,71398,"(51.52292, 51.5262)","(-0.12635, -0.10962)",0.27440964855640626
550,Bankside - Waterloo,71059,"(51.50618, 51.50095)","(-0.09824, -0.11342)",0.2731067244719122
930,Bayswater - Mayfair,70960,"(51.515, 51.50988)","(-0.18647, -0.1479)",0.2727262245180334
5583,Pimlico - Vauxhall,70873,"(51.48891, 51.49028)","(-0.13785, -0.1185)",0.27239184577068537
3454,Fulham - Walham Green,69110,"(51.47634, 51.47731)","(-0.21127, -0.19283)",0.2656158718445408
6408,Vauxhall - Victoria,68915,"(51.49028, 51.49382)","(-0.1185, -0.14285)",0.2648664022384159
457,Bankside - Borough,68626,"(51.50618, 51.49946)","(-0.09824, -0.09326)",0.26375564984780003
1581,Borough - Strand,68165,"(51.49946, 51.51027)","(-0.09326, -0.12048)",0.26198382683024324
4873,Marylebone - Strand,68062,"(51.51948, 51.51027)","(-0.15783, -0.12048)",0.26158795314085415
5518,Parson's Green - Sands End,68039,"(51.47204, 51.47049)","(-0.20051, -0.18915)",0.2614995541616702
4892,Marylebone - Westminster,67994,"(51.51948, 51.49676)","(-0.15783, -0.13301)",0.26132659963717986
1224,Bethnal Green - Haggerston,67712,"(51.52744, 51.53581)","(-0.05739, -0.07083)",0.26024275128370694
1997,Canary Wharf - Cubitt Town,66693,"(51.50414, 51.49292)","(-0.0204, -0.01048)",0.25632629216246966
4279,Kensington - Mayfair,66016,"(51.50034, 51.50988)","(-0.19268, -0.1479)",0.2537242874273591
3701,Haggerston - Hoxton,65635,"(51.53581, 51.53134)","(-0.07083, -0.08565)",0.2522599391200074
153,Angel - Holborn,65556,"(51.53324, 51.51776)","(-0.10652, -0.11324)",0.25195630784367984
920,Bayswater - Kensington,65303,"(51.515, 51.50034)","(-0.18647, -0.19268)",0.25098391907265627
1419,Bloomsbury - Euston,65162,"(51.52292, 51.5261)","(-0.12635, -0.13489)",0.25044199489591984
4778,Maida Vale - Marylebone,65035,"(51.52626, 51.51948)","(-0.18231, -0.15783)",0.24995387879346923
3898,Holborn - Strand,64597,"(51.51776, 51.51027)","(-0.11324, -0.12048)",0.24827045475509638
4890,Marylebone - West End,64050,"(51.51948, 51.50988)","(-0.15783, -0.13306)",0.2461680964240691
5956,Shoreditch - St. Luke's,63906,"(51.52416, 51.52613)","(-0.07619, -0.0929)",0.24561464194569996
4286,Kensington - Notting Hill,63842,"(51.50034, 51.51034)","(-0.19268, -0.19818)",0.2453686621775359
6317,Strand - Vauxhall,63457,"(51.51027, 51.49028)","(-0.12048, -0.1185)",0.2438889401346739
3779,Hammersmith - Kensington,63382,"(51.48948, 51.50034)","(-0.22358, -0.19268)",0.24360068259385664
4270,Kensington - Kensington Gardens,62895,"(51.50034, 51.506)","(-0.19268, -0.18487)",0.24172893029548317
1586,Borough - Vauxhall,62779,"(51.49946, 51.49028)","(-0.09326, -0.1185)",0.24128309196568581
3323,Fitzrovia - King's Cross,62464,"(51.51986, 51.53367)","(-0.13867, -0.12209)",0.24007241029425327
6134,South Kensington - West Kensington,62354,"(51.49441, 51.4876)","(-0.17807, -0.20617)",0.2396496325677213
1678,Bow - Stepney,62038,"(51.5255, 51.51704)","(-0.02317, -0.04924)",0.2384351074624112
3848,Holborn - Hoxton,62034,"(51.51776, 51.53134)","(-0.11324, -0.08565)",0.23841973372690095
865,Battersea Park - Vauxhall,61927,"(51.47738, 51.49028)","(-0.1542, -0.1185)",0.23800848630200164
4128,Hyde Park - West End,61126,"(51.50562, 51.50988)","(-0.16149, -0.13306)",0.23492989576607323
763,Battersea - Wandsworth,61029,"(51.47151, 51.45998)","(-0.16366, -0.19446)",0.23455708267994954
4949,Mayfair - Westminster,60943,"(51.50988, 51.49676)","(-0.1479, -0.13301)",0.23422654736647908
4086,Hyde Park - Paddington,60619,"(51.50562, 51.51778)","(-0.16149, -0.17339)",0.2329812747901485
937,Bayswater - Notting Hill,60493,"(51.515, 51.51034)","(-0.18647, -0.19818)",0.23249700212157548
3885,Holborn - Shoreditch,60221,"(51.51776, 51.52416)","(-0.11324, -0.07619)",0.2314515881068782
1518,Borough - Elephant & Castle,60151,"(51.49946, 51.49684)","(-0.09326, -0.10327)",0.23118254773544875
1481,Bloomsbury - Strand,59668,"(51.52292, 51.51027)","(-0.12635, -0.12048)",0.22932616917258553
5578,Pimlico - Strand,59602,"(51.48891, 51.51027)","(-0.13785, -0.12048)",0.22907250253666633
5959,Shoreditch - Stepney,59576,"(51.52416, 51.51704)","(-0.07619, -0.04924)",0.2289725732558497
3893,Holborn - St. Luke's,59143,"(51.51776, 51.52613)","(-0.11324, -0.0929)",0.22730836638686466
4278,Kensington - Marylebone,59101,"(51.50034, 51.51948)","(-0.19268, -0.15783)",0.227146942164007
2830,Earl's Court - Knightsbridge,58994,"(51.49213, 51.49808)","(-0.19276, -0.16788)",0.22673569473910768
5007,Mile End - Whitechapel,58498,"(51.52326, 51.51808)","(-0.03619, -0.06597)",0.22482935153583616
829,Battersea Park - Nine Elms,58365,"(51.47738, 51.48107)","(-0.1542, -0.1387)",0.2243181748301202
1228,Bethnal Green - Hoxton,58256,"(51.52744, 51.53134)","(-0.05739, -0.08565)",0.22389924053746577
1422,Bloomsbury - Fitzrovia,57789,"(51.52292, 51.51986)","(-0.12635, -0.13867)",0.2221043569166436
6316,Strand - Tower,57774,"(51.51027, 51.50894)","(-0.12048, -0.07437)",0.22204670540848012
4865,Marylebone - South Kensington,57673,"(51.51948, 51.49441)","(-0.15783, -0.17807)",0.2216585185868462
3887,Holborn - Soho,57513,"(51.51776, 51.5134)","(-0.11324, -0.13325)",0.22104356916643605
1907,Camden Town - Euston,57512,"(51.53821, 51.5261)","(-0.14134, -0.13489)",0.22103972573255848
3072,Euston - Holborn,57319,"(51.5261, 51.51776)","(-0.13489, -0.11324)",0.2202979429941887
4333,Kensington - West Kensington,57183,"(51.50034, 51.4876)","(-0.19268, -0.20617)",0.21977523598684007
2135,Chelsea - Pimlico,56559,"(51.48862, 51.48891)","(-0.16723, -0.13785)",0.2173769332472404
2164,Chelsea - Victoria,56280,"(51.48862, 51.49382)","(-0.16723, -0.14285)",0.21630461519540015
4879,Marylebone - Victoria,55590,"(51.51948, 51.49382)","(-0.15783, -0.14285)",0.2136526458198813
136,Angel - Clerkenwell,55311,"(51.53324, 51.5262)","(-0.10652, -0.10962)",0.21258032776804106
923,Bayswater - Knightsbridge,54768,"(51.515, 51.49808)","(-0.18647, -0.16788)",0.21049334317252405
1238,Bethnal Green - Liverpool Street,54694,"(51.52744, 51.51883)","(-0.05739, -0.08165)",0.21020892906558433
866,Battersea Park - Victoria,54483,"(51.47738, 51.49382)","(-0.1542, -0.14285)",0.20939796451741843
6535,West End - Westminster,54475,"(51.50988, 51.49676)","(-0.13306, -0.13301)",0.2093672170463979
3811,Hammersmith - Shepherd's Bush,54321,"(51.48948, 51.50309)","(-0.22358, -0.21891)",0.20877532822925313
1541,Borough - Liverpool Street,54291,"(51.49946, 51.51883)","(-0.09326, -0.08165)",0.20866002521292623
4338,Kensington Gardens - Knightsbridge,53952,"(51.506, 51.49808)","(-0.18487, -0.16788)",0.20735710112843217
2480,Clerkenwell - King's Cross,53929,"(51.5262, 51.53367)","(-0.10962, -0.12209)",0.2072687021492482
3889,Holborn - South Bank,53906,"(51.51776, 51.50561)","(-0.11324, -0.1129)",0.20718030317006425
4930,Mayfair - Strand,53810,"(51.50988, 51.51027)","(-0.1479, -0.12048)",0.20681133351781814
6249,St.John's Wood - The Regent's Park,53603,"(51.52981, 51.53038)","(-0.17254, -0.15448)",0.20601574270516249
3438,Fulham - South Kensington,53505,"(51.47634, 51.49441)","(-0.21127, -0.17807)",0.20563908618516125
200,Angel - St. Luke's,53468,"(51.53324, 51.52613)","(-0.10652, -0.0929)",0.2054968791316914
2088,Chelsea - Clapham Junction,53237,"(51.48862, 51.46406)","(-0.16723, -0.17169)",0.2046090459059742
192,Angel - Shoreditch,53196,"(51.53324, 51.52416)","(-0.10652, -0.07619)",0.2044514651169941
5713,Putney - Wandsworth,53129,"(51.46188, 51.45998)","(-0.2143, -0.19446)",0.20419395504719734
4435,King's Cross - Soho,53103,"(51.53367, 51.5134)","(-0.12209, -0.13325)",0.2040940257663807
870,Battersea Park - Wandsworth,52986,"(51.47738, 51.45998)","(-0.1542, -0.19446)",0.20364434400270576
374,Bank - Holborn,52652,"(51.5128, 51.51776)","(-0.09163, -0.11324)",0.20236063708759952
1470,Bloomsbury - Soho,52054,"(51.52292, 51.5134)","(-0.12635, -0.13325)",0.20006226362881652
5330,Old Ford - Queen Elizabeth Olympic Park,52045,"(51.53424, 51.54529)","(-0.03165, -0.01581)",0.20002767272391844
4485,Knightsbridge - Paddington,51989,"(51.49808, 51.51778)","(-0.16788, -0.17339)",0.19981244042677487
4717,Liverpool Street - Whitechapel,51932,"(51.51883, 51.51808)","(-0.08165, -0.06597)",0.19959336469575376
1250,Bethnal Green - Old Ford,50972,"(51.52744, 51.53424)","(-0.05739, -0.03165)",0.19590366817329272
4696,Liverpool Street - Strand,50712,"(51.51883, 51.51027)","(-0.08165, -0.12048)",0.1949043753651262
4345,Kensington Gardens - Mayfair,50706,"(51.506, 51.50988)","(-0.18487, -0.1479)",0.19488131476186082
6303,Stockwell - Wandsworth Road,50536,"(51.4741, 51.47301)","(-0.11947, -0.13444)",0.19422793100267502
4082,Hyde Park - Notting Hill,50521,"(51.50562, 51.51034)","(-0.16149, -0.19818)",0.19417027949451157
4958,Mile End - Old Ford,50262,"(51.52326, 51.53424)","(-0.03619, -0.03165)",0.1931748301202226
90,Aldgate - Stepney,50261,"(51.51398, 51.51704)","(-0.07464, -0.04924)",0.19317098668634503
4922,Mayfair - South Kensington,50147,"(51.50988, 51.49441)","(-0.1479, -0.17807)",0.1927328352243028
4919,Mayfair - Soho,50142,"(51.50988, 51.5134)","(-0.1479, -0.13325)",0.19271361805491496
6026,Soho - Strand,50114,"(51.5134, 51.51027)","(-0.13325, -0.12048)",0.1926060019063432
1917,Camden Town - Holborn,50019,"(51.53821, 51.51776)","(-0.14134, -0.11324)",0.19224087568797465
941,Bayswater - Paddington,49778,"(51.515, 51.51778)","(-0.18647, -0.17339)",0.19131460812348183
1652,Bow - Old Ford,49774,"(51.5255, 51.53424)","(-0.02317, -0.03165)",0.19129923438797158
4516,Knightsbridge - Victoria,49696,"(51.49808, 51.49382)","(-0.16788, -0.14285)",0.19099944654552162
921,Bayswater - Kensington Gardens,49527,"(51.515, 51.506)","(-0.18647, -0.18487)",0.19034990622021336
4905,Mayfair - Paddington,49492,"(51.50988, 51.51778)","(-0.1479, -0.17339)",0.19021538603449864
6318,Strand - Victoria,49136,"(51.51027, 51.49382)","(-0.12048, -0.14285)",0.188847123574086
2042,Canary Wharf - Poplar,49089,"(51.50414, 51.51362)","(-0.0204, -0.01592)",0.18866648218184054
1661,Bow - Queen Elizabeth Olympic Park,49023,"(51.5255, 51.54529)","(-0.02317, -0.01581)",0.18841281554592132
4373,Kensington Gardens - South Kensington,48934,"(51.506, 51.49441)","(-0.18487, -0.17807)",0.18807074993081818
1529,Borough - Holborn,48772,"(51.49946, 51.51776)","(-0.09326, -0.11324)",0.18744811364265287
3711,Haggerston - Liverpool Street,48643,"(51.53581, 51.51883)","(-0.07083, -0.08165)",0.18695231067244716
5906,Shadwell - Wapping,48544,"(51.51053, 51.50669)","(-0.05564, -0.06397)",0.18657181071856838
6399,Tower - Wapping,48479,"(51.50894, 51.50669)","(-0.07437, -0.06397)",0.18632198751652676
4301,Kensington - Shepherd's Bush,48450,"(51.50034, 51.50309)","(-0.19268, -0.21891)",0.1862105279340774
79,Aldgate - Shoreditch,48369,"(51.51398, 51.52416)","(-0.07464, -0.07619)",0.18589920978999475
5449,Oval - Vauxhall,48339,"(51.48354, 51.49028)","(-0.11382, -0.1185)",0.18578390677366785
3429,Fulham - Sands End,48322,"(51.47634, 51.47049)","(-0.21127, -0.18915)",0.18571856839774928
3370,Fitzrovia - The Regent's Park,48275,"(51.51986, 51.53038)","(-0.13867, -0.15448)",0.18553792700550378
2891,Earl's Court - West Kensington,48114,"(51.49213, 51.4876)","(-0.19276, -0.20617)",0.18491913415121605
1135,Bermondsey - Liverpool Street,47699,"(51.49718, 51.51883)","(-0.073, -0.08165)",0.18332410909202718
6092,South Bank - Vauxhall,47539,"(51.50561, 51.49028)","(-0.1129, -0.1185)",0.182709159671617
151,Angel - Haggerston,47279,"(51.53324, 51.53581)","(-0.10652, -0.07083)",0.18170986686345048
2112,Chelsea - Kensington,47018,"(51.48862, 51.50034)","(-0.16723, -0.19268)",0.18070673062140638
1189,Bermondsey - Waterloo,46792,"(51.49718, 51.50095)","(-0.073, -0.11342)",0.179838114565077
3426,Fulham - Putney,46265,"(51.47634, 51.46188)","(-0.21127, -0.2143)",0.177812624911601
1777,Brixton - Stockwell,46071,"(51.4635, 51.4741)","(-0.11478, -0.11947)",0.17706699873935366
2667,Cubitt Town - Millwall,45975,"(51.49292, 51.49424)","(-0.01048, -0.02052)",0.17669802908710758
3588,Hackney Central - Shoreditch,45888,"(51.53829, 51.52416)","(-0.05902, -0.07619)",0.17636365033975954
4288,Kensington - Olympia,45743,"(51.50034, 51.49797)","(-0.19268, -0.2099)",0.17580635242751283
4947,Mayfair - West End,45608,"(51.50988, 51.50988)","(-0.1479, -0.13306)",0.17528748885404175
1574,Borough - Southwark,45594,"(51.49946, 51.50394)","(-0.09326, -0.10448)",0.17523368077975585
4709,Liverpool Street - Wapping,45564,"(51.51883, 51.50669)","(-0.08165, -0.06397)",0.17511837776342895
527,Bankside - South Bank,45389,"(51.50618, 51.50561)","(-0.09824, -0.1129)",0.17444577683485532
5279,Notting Hill - Portobello,45282,"(51.51034, 51.51844)","(-0.19818, -0.2023)",0.174034529409956
125,Angel - Bloomsbury,45276,"(51.53324, 51.52292)","(-0.10652, -0.12635)",0.17401146880669063
6045,Soho - Westminster,45078,"(51.5134, 51.49676)","(-0.13325, -0.13301)",0.17325046889893306
3046,Elephant & Castle - Vauxhall,45049,"(51.49684, 51.49028)","(-0.10327, -0.1185)",0.1731390093164837
4973,Mile End - Shoreditch,44913,"(51.52326, 51.52416)","(-0.03619, -0.07619)",0.17261630230913505
3658,Hackney Wick - Queen Elizabeth Olympic Park,44840,"(51.54031, 51.54529)","(-0.02163, -0.01581)",0.1723357316360729
113,Aldgate - Whitechapel,44786,"(51.51398, 51.51808)","(-0.07464, -0.06597)",0.1721281862066845
386,Bank - Liverpool Street,44572,"(51.5128, 51.51883)","(-0.09163, -0.08165)",0.1713056913568859
105,Aldgate - Wapping,44436,"(51.51398, 51.50669)","(-0.07464, -0.06397)",0.17078298434953723
6329,Strand - West End,44332,"(51.51027, 51.50988)","(-0.12048, -0.13306)",0.17038326722627062
4936,Mayfair - Victoria,44182,"(51.50988, 51.49382)","(-0.1479, -0.14285)",0.1698067521446361
453,Bankside - Bermondsey,44179,"(51.50618, 51.49718)","(-0.09824, -0.073)",0.16979522184300339
4446,King's Cross - Strand,44037,"(51.53367, 51.51027)","(-0.12209, -0.12048)",0.16924945423238938
536,Bankside - Strand,43737,"(51.50618, 51.51027)","(-0.09824, -0.12048)",0.1680964240691203
879,Battersea Park - Westminster,43724,"(51.47738, 51.49676)","(-0.1542, -0.13301)",0.16804645942871196
1701,Bow - Whitechapel,43663,"(51.5255, 51.51808)","(-0.02317, -0.06597)",0.1678120099621806
1495,Bloomsbury - Waterloo,43397,"(51.52292, 51.50095)","(-0.12635, -0.11342)",0.16678965655074868
4526,Knightsbridge - West Chelsea,43141,"(51.49808, 51.48226)","(-0.16788, -0.17975)",0.1658057374780924
2166,Chelsea - Walham Green,43110,"(51.48862, 51.47731)","(-0.16723, -0.19283)",0.16568659102788794
4691,Liverpool Street - St. Luke's,43100,"(51.51883, 51.52613)","(-0.08165, -0.0929)",0.1656481566891123
426,Bank - Strand,43036,"(51.5128, 51.51027)","(-0.09163, -0.12048)",0.16540217692094825
6087,South Bank - Strand,43025,"(51.50561, 51.51027)","(-0.1129, -0.12048)",0.16535989914829505
6460,Walham Green - West Chelsea,42906,"(51.47731, 51.48226)","(-0.19283, -0.17975)",0.16490253051686496
4344,Kensington Gardens - Marylebone,42870,"(51.506, 51.51948)","(-0.18487, -0.15783)",0.1647641668972727
3456,Fulham - Wandsworth,42812,"(51.47634, 51.45998)","(-0.21127, -0.19446)",0.164541247732374
4009,Hoxton - Moorgate,42773,"(51.53134, 51.5203)","(-0.08565, -0.08794)",0.16439135381114903
2030,Canary Wharf - Millwall,42762,"(51.50414, 51.49424)","(-0.0204, -0.02052)",0.16434907603849583
3065,Euston - Fitzrovia,42726,"(51.5261, 51.51986)","(-0.13489, -0.13867)",0.16421071241890353
2561,Covent Garden - Holborn,42713,"(51.51554, 51.51776)","(-0.12301, -0.11324)",0.1641607477784952
4529,Knightsbridge - Westminster,42671,"(51.49808, 51.49676)","(-0.16788, -0.13301)",0.16399932355563754
6101,South Bank - Waterloo,42563,"(51.50561, 51.50095)","(-0.1129, -0.11342)",0.16358423269686068
5161,Moorgate - Waterloo,42336,"(51.5203, 51.50095)","(-0.08794, -0.11342)",0.16271177320665373
817,Battersea Park - Knightsbridge,42163,"(51.47738, 51.49808)","(-0.1542, -0.16788)",0.16204685914583525
3315,Fitzrovia - Holborn,42104,"(51.51986, 51.51776)","(-0.13867, -0.11324)",0.16182009654705898
859,Battersea Park - Stockwell,41978,"(51.47738, 51.4741)","(-0.1542, -0.11947)",0.16133582387848597
2519,Clerkenwell - St. Luke's,41810,"(51.5262, 51.52613)","(-0.10962, -0.0929)",0.1606901269870553
4487,Knightsbridge - Pimlico,41788,"(51.49808, 51.48891)","(-0.16788, -0.13785)",0.1606055714417489
4633,Limehouse - Stepney,41635,"(51.5121, 51.51704)","(-0.03294, -0.04924)",0.16001752605848168
4117,Hyde Park - Victoria,41350,"(51.50562, 51.49382)","(-0.16149, -0.14285)",0.15892214740337607
876,Battersea Park - West Chelsea,41290,"(51.47738, 51.48226)","(-0.1542, -0.17975)",0.15869154137072225
4528,Knightsbridge - West Kensington,41228,"(51.49808, 51.4876)","(-0.16788, -0.20617)",0.1584532484703133
769,Battersea - West Chelsea,40810,"(51.47151, 51.48226)","(-0.16366, -0.17975)",0.15684669310949173
945,Bayswater - Portobello,40722,"(51.515, 51.51844)","(-0.18647, -0.2023)",0.15650847092826614
3080,Euston - King's Cross,40653,"(51.5261, 51.53367)","(-0.13489, -0.12209)",0.15624327399071425
2511,Clerkenwell - Shoreditch,40519,"(51.5262, 51.52416)","(-0.10962, -0.07619)",0.15572825385112074
3356,Fitzrovia - Soho,40486,"(51.51986, 51.5134)","(-0.13867, -0.13325)",0.15560142053316112
745,Battersea - South Kensington,40463,"(51.47151, 51.49441)","(-0.16366, -0.17807)",0.15551302155397717
2093,Chelsea - Earl's Court,39933,"(51.48862, 51.49213)","(-0.16723, -0.19276)",0.15347600159886848
2474,Clerkenwell - Hoxton,39300,"(51.5262, 51.53134)","(-0.10962, -0.08565)",0.15104310795437073
1200,Bethnal Green - Bow,39264,"(51.52744, 51.5255)","(-0.05739, -0.02317)",0.15090474433477843
1590,Borough - Walworth,39261,"(51.49946, 51.48986)","(-0.09326, -0.09434)",0.15089321403314576
1136,Bermondsey - London Bridge,39246,"(51.49718, 51.50423)","(-0.073, -0.08544)",0.15083556252498231
1966,Camden Town - St.John's Wood,39109,"(51.53821, 51.52981)","(-0.14134, -0.17254)",0.1503090120837561
4657,Liverpool Street - London Bridge,39085,"(51.51883, 51.50423)","(-0.08165, -0.08544)",0.15021676967069456
958,Bayswater - South Kensington,39051,"(51.515, 51.49441)","(-0.18647, -0.17807)",0.1500860929188574
3055,Elephant & Castle - Waterloo,39000,"(51.49684, 51.50095)","(-0.10327, -0.11342)",0.14989007779110167
730,Battersea - Pimlico,38877,"(51.47151, 51.48891)","(-0.16366, -0.13785)",0.14941733542416136
5836,Sands End - West Chelsea,38633,"(51.47049, 51.48226)","(-0.18915, -0.17975)",0.14847953755803583
2889,Earl's Court - West Chelsea,38504,"(51.49213, 51.48226)","(-0.19276, -0.17975)",0.14798373458783012
5750,Queen Elizabeth Olympic Park - Victoria Park,38410,"(51.54529, 51.53902)","(-0.01581, -0.03903)",0.14762245180333916
4687,Liverpool Street - South Bank,38349,"(51.51883, 51.50561)","(-0.08165, -0.1129)",0.1473880023368078
4692,Liverpool Street - St. Paul's,38341,"(51.51883, 51.51356)","(-0.08165, -0.0994)",0.14735725486578727
5594,Pimlico - West Chelsea,38181,"(51.48891, 51.48226)","(-0.13785, -0.17975)",0.1467423054453771
2077,Canary Wharf - Wapping,38173,"(51.50414, 51.50669)","(-0.0204, -0.06397)",0.1467115579743566
165,Angel - Liverpool Street,38119,"(51.53324, 51.51883)","(-0.10652, -0.08165)",0.14650401254496817
6040,Soho - Waterloo,38053,"(51.5134, 51.50095)","(-0.13325, -0.11342)",0.14625034590904895
274,Avondale - Ladbroke Grove,38047,"(51.51154, 51.51095)","(-0.21514, -0.20618)",0.14622728530578358
413,Bank - Shoreditch,38022,"(51.5128, 51.52416)","(-0.09163, -0.07619)",0.14613119945884448
347,Bank - Borough,37974,"(51.5128, 51.49946)","(-0.09163, -0.09326)",0.14594671463272144
52,Aldgate - Liverpool Street,37790,"(51.51398, 51.51883)","(-0.07464, -0.08165)",0.14523952279924973
4694,Liverpool Street - Stepney,37666,"(51.51883, 51.51704)","(-0.08165, -0.04924)",0.14476293699843187
3917,Holborn - Westminster,37620,"(51.51776, 51.49676)","(-0.11324, -0.13301)",0.14458613904006393
4600,Limehouse - Mile End,37602,"(51.5121, 51.52326)","(-0.03294, -0.03619)",0.1445169572302678
852,Battersea Park - South Kensington,37401,"(51.47738, 51.49441)","(-0.1542, -0.17807)",0.1437444270208775
1600,Borough - Westminster,37392,"(51.49946, 51.49676)","(-0.09326, -0.13301)",0.14370983611597946
3403,Fulham - Knightsbridge,37248,"(51.47634, 51.49808)","(-0.21127, -0.16788)",0.1431563816376103
5094,Monument - Strand,37237,"(51.50981, 51.51027)","(-0.08432, -0.12048)",0.1431141038649571
6310,Stockwell - Westminster,37208,"(51.4741, 51.49676)","(-0.11947, -0.13301)",0.14300264428250775
4100,Hyde Park - Soho,37162,"(51.50562, 51.5134)","(-0.16149, -0.13325)",0.14282584632413983
106,Aldgate - Waterloo,36965,"(51.51398, 51.50095)","(-0.07464, -0.11342)",0.1420686898502598
9,Aldgate - Bermondsey,36936,"(51.51398, 51.49718)","(-0.07464, -0.073)",0.14195723026781046
1166,Bermondsey - South Bank,36846,"(51.49718, 51.50561)","(-0.073, -0.1129)",0.14161132121882974
4331,Kensington - West Chelsea,36822,"(51.50034, 51.48226)","(-0.19268, -0.17975)",0.14151907880576822
759,Battersea - Victoria,36796,"(51.47151, 51.49382)","(-0.16366, -0.14285)",0.14141914952495155
5509,Paddington - Westminster,36795,"(51.51778, 51.49676)","(-0.17339, -0.13301)",0.141415306091074
1285,Bethnal Green - Victoria Park,36577,"(51.52744, 51.53902)","(-0.05739, -0.03903)",0.14057743750576512
5830,Sands End - Wandsworth,36572,"(51.47049, 51.45998)","(-0.18915, -0.19446)",0.14055822033637733
2100,Chelsea - Fulham,36538,"(51.48862, 51.47634)","(-0.16723, -0.21127)",0.14042754358454015
4613,Limehouse - Poplar,36520,"(51.5121, 51.51362)","(-0.03294, -0.01592)",0.140358361774744
2538,Clerkenwell - Waterloo,36509,"(51.5262, 51.50095)","(-0.10962, -0.11342)",0.1403160840020908
3835,Hammersmith - Wandsworth,36504,"(51.48948, 51.45998)","(-0.22358, -0.19446)",0.14029686683270298
4465,King's Cross - Westminster,36429,"(51.53367, 51.49676)","(-0.12209, -0.13301)",0.14000860929188572
1222,Bethnal Green - Hackney Central,36409,"(51.52744, 51.53829)","(-0.05739, -0.05902)",0.13993174061433444
1306,Blackwall - Canary Wharf,36328,"(51.5072, 51.50414)","(-0.0059, -0.0204)",0.1396204224702518
5542,Parson's Green - Walham Green,36297,"(51.47204, 51.47731)","(-0.20051, -0.19283)",0.13950127602004733
3462,Fulham - West Chelsea,36273,"(51.47634, 51.48226)","(-0.21127, -0.17975)",0.1394090336069858
1910,Camden Town - Fitzrovia,36132,"(51.53821, 51.51986)","(-0.14134, -0.13867)",0.13886710943024935
1484,Bloomsbury - The Regent's Park,36129,"(51.52292, 51.53038)","(-0.12635, -0.15448)",0.13885557912861665
2141,Chelsea - Sands End,35798,"(51.48862, 51.47049)","(-0.16723, -0.18915)",0.13758340251514312
1580,Borough - Stockwell,35725,"(51.49946, 51.4741)","(-0.09326, -0.11947)",0.13730283184208097
3127,Euston - The Regent's Park,35530,"(51.5261, 51.53038)","(-0.13489, -0.15448)",0.13655336223595607
1175,Bermondsey - Strand,35519,"(51.49718, 51.51027)","(-0.073, -0.12048)",0.13651108446330287
6370,Temple - Westminster,35491,"(51.5121, 51.49676)","(-0.10936, -0.13301)",0.1364034683147311
5891,Shadwell - Stepney,35293,"(51.51053, 51.51704)","(-0.05564, -0.04924)",0.1356424684069735
2627,Covent Garden - Waterloo,35178,"(51.51554, 51.50095)","(-0.12301, -0.11342)",0.1352004735110537
2122,Chelsea - Mayfair,35128,"(51.48862, 51.50988)","(-0.16723, -0.1479)",0.13500830181717552
5744,Queen Elizabeth Olympic Park - Stratford,35085,"(51.54529, 51.5418)","(-0.01581, -0.00481)",0.1348430341604403
1534,Borough - Kennington,34966,"(51.49946, 51.48872)","(-0.09326, -0.10729)",0.1343856655290102
3367,Fitzrovia - Strand,34796,"(51.51986, 51.51027)","(-0.13867, -0.12048)",0.1337322817698244
6462,Walham Green - West Kensington,34714,"(51.47731, 51.4876)","(-0.19283, -0.20617)",0.1334171201918642
6515,Wapping - Whitechapel,34655,"(51.50669, 51.51808)","(-0.06397, -0.06597)",0.13319035759308795
3997,Hoxton - King's Cross,34603,"(51.53134, 51.53367)","(-0.08565, -0.12209)",0.13299049903145466
710,Battersea - Knightsbridge,34429,"(51.47151, 51.49808)","(-0.16366, -0.16788)",0.13232174153675857
1273,Bethnal Green - St. Luke's,34378,"(51.52744, 51.52613)","(-0.05739, -0.0929)",0.13212572640900283
6222,St. Paul's - Strand,34368,"(51.51356, 51.51027)","(-0.0994, -0.12048)",0.1320872920702272
6305,Stockwell - Waterloo,34300,"(51.4741, 51.50095)","(-0.11947, -0.11342)",0.1318259385665529
496,Bankside - Liverpool Street,34272,"(51.50618, 51.51883)","(-0.09824, -0.08165)",0.1317183224179811
5108,Monument - Waterloo,34235,"(51.50981, 51.50095)","(-0.08432, -0.11342)",0.13157611536451125
130,Angel - Camden Town,34068,"(51.53324, 51.53821)","(-0.10652, -0.14134)",0.13093426190695814
4844,Marylebone - Notting Hill,34016,"(51.51948, 51.51034)","(-0.15783, -0.19818)",0.13073440334532482
659,Barbican - Waterloo,33994,"(51.52011, 51.50095)","(-0.09512, -0.11342)",0.13064984780001843
10,Aldgate - Bethnal Green,33796,"(51.51398, 51.52744)","(-0.07464, -0.05739)",0.12988884789226085
2569,Covent Garden - King's Cross,33708,"(51.51554, 51.53367)","(-0.12301, -0.12209)",0.12955062571103526
2450,Clapham Junction - West Chelsea,33649,"(51.46406, 51.48226)","(-0.17169, -0.17975)",0.129323863112259
4125,Hyde Park - Waterloo,33478,"(51.50562, 51.50095)","(-0.16149, -0.11342)",0.12866663591919564
2815,Earl's Court - Fulham,33236,"(51.49213, 51.47634)","(-0.19276, -0.21127)",0.12773652492082524
6190,St. James's - Westminster,33177,"(51.50703, 51.49676)","(-0.1332, -0.13301)",0.127509762322049
1413,Bloomsbury - Covent Garden,33171,"(51.52292, 51.51554)","(-0.12635, -0.12301)",0.12748670171878362
343,Bank - Bermondsey,33014,"(51.5128, 51.49718)","(-0.09163, -0.073)",0.12688328260000614
593,Barbican - Holborn,32904,"(51.52011, 51.51776)","(-0.09512, -0.11324)",0.12646050487347413
5336,Old Ford - Shoreditch,32742,"(51.53424, 51.52416)","(-0.03165, -0.07619)",0.12583786858530885
5975,Shoreditch - Waterloo,32633,"(51.52416, 51.50095)","(-0.07619, -0.11342)",0.1254189342926544
376,Bank - Hoxton,32601,"(51.5128, 51.53134)","(-0.09163, -0.08565)",0.1252959444085724
3866,Holborn - Moorgate,32514,"(51.51776, 51.5203)","(-0.11324, -0.08794)",0.12496156566122436
2487,Clerkenwell - Marylebone,32364,"(51.5262, 51.51948)","(-0.10962, -0.15783)",0.12438505057958983
2029,Canary Wharf - Mile End,32359,"(51.50414, 51.52326)","(-0.0204, -0.03619)",0.124365833410202
4262,Kennington - Waterloo,32354,"(51.48872, 51.50095)","(-0.10729, -0.11342)",0.1243466162408142
4715,Liverpool Street - Westminster,32256,"(51.51883, 51.49676)","(-0.08165, -0.13301)",0.12396995972081296
758,Battersea - Vauxhall,32232,"(51.47151, 51.49028)","(-0.16366, -0.1185)",0.12387771730775143
6419,Vauxhall - West End,32218,"(51.49028, 51.50988)","(-0.1185, -0.13306)",0.12382390923346555
640,Barbican - St. Luke's,32184,"(51.52011, 51.52613)","(-0.09512, -0.0929)",0.12369323248162839
772,Battersea - Westminster,32138,"(51.47151, 51.49676)","(-0.16366, -0.13301)",0.12351643452326046
77,Aldgate - Shadwell,32112,"(51.51398, 51.51053)","(-0.07464, -0.05564)",0.12341650524244381
2177,Chelsea - Westminster,32110,"(51.48862, 51.49676)","(-0.16723, -0.13301)",0.12340881837468869
6106,South Bank - Westminster,32084,"(51.50561, 51.49676)","(-0.1129, -0.13301)",0.12330888909387203
1568,Borough - Shoreditch,32044,"(51.49946, 51.52416)","(-0.09326, -0.07619)",0.12315515173876948
4907,Mayfair - Pimlico,31965,"(51.50988, 51.48891)","(-0.1479, -0.13785)",0.12285152046244197
57,Aldgate - Mile End,31926,"(51.51398, 51.52326)","(-0.07464, -0.03619)",0.12270162654121698
2121,Chelsea - Marylebone,31908,"(51.48862, 51.51948)","(-0.16723, -0.15783)",0.12263244473142083
3894,Holborn - St. Paul's,31882,"(51.51776, 51.51356)","(-0.11324, -0.0994)",0.12253251545060419
2417,Clapham Junction - Sands End,31802,"(51.46406, 51.47049)","(-0.17169, -0.18915)",0.1222250407403991
3124,Euston - Strand,31658,"(51.5261, 51.51027)","(-0.13489, -0.12048)",0.12167158626202995
3113,Euston - Soho,31529,"(51.5261, 51.5134)","(-0.13489, -0.13325)",0.12117578329182424
4510,Knightsbridge - Strand,31447,"(51.49808, 51.51027)","(-0.16788, -0.12048)",0.12086062171386404
2824,Earl's Court - Hyde Park,31412,"(51.49213, 51.50562)","(-0.19276, -0.16149)",0.1207261015281493
3551,Hackney Central - Hoxton,31367,"(51.53829, 51.53134)","(-0.05902, -0.08565)",0.12055314700365895
1123,Bermondsey - Holborn,31308,"(51.49718, 51.51776)","(-0.073, -0.11324)",0.12032638440488269
3891,Holborn - Southwark,31293,"(51.51776, 51.50394)","(-0.11324, -0.10448)",0.12026873289671924
595,Barbican - Hoxton,31278,"(51.52011, 51.53134)","(-0.09512, -0.08565)",0.12021108138855578
1958,Camden Town - Soho,31250,"(51.53821, 51.5134)","(-0.14134, -0.13325)",0.12010346523998401
3547,Hackney Central - Haggerston,31159,"(51.53829, 51.53581)","(-0.05902, -0.07083)",0.11975371275712572
2023,Canary Wharf - Limehouse,31137,"(51.50414, 51.5121)","(-0.0204, -0.03294)",0.11966915721181932
3805,Hammersmith - Putney,31066,"(51.48948, 51.46188)","(-0.22358, -0.2143)",0.11939627340651231
3782,Hammersmith - Knightsbridge,30973,"(51.48948, 51.49808)","(-0.22358, -0.16788)",0.1190388340558989
5945,Shepherd's Bush - West Kensington,30955,"(51.50309, 51.4876)","(-0.21891, -0.20617)",0.11896965224610276
1259,Bethnal Green - Queen Elizabeth Olympic Park,30937,"(51.52744, 51.54529)","(-0.05739, -0.01581)",0.11890047043630661
3862,Holborn - Mayfair,30907,"(51.51776, 51.50988)","(-0.11324, -0.1479)",0.1187851674199797
1959,Camden Town - Somers Town,30895,"(51.53821, 51.52907)","(-0.14134, -0.13026)",0.11873904621344894
1667,Bow - Shoreditch,30848,"(51.5255, 51.52416)","(-0.02317, -0.07619)",0.11855840482120346
3903,Holborn - Vauxhall,30809,"(51.51776, 51.49028)","(-0.11324, -0.1185)",0.11840851089997848
4964,Mile End - Poplar,30566,"(51.52326, 51.51362)","(-0.03619, -0.01592)",0.11747455646773053
40,Aldgate - Holborn,30561,"(51.51398, 51.51776)","(-0.07464, -0.11324)",0.1174553392983427
4901,Mayfair - Notting Hill,30445,"(51.50988, 51.51034)","(-0.1479, -0.19818)",0.11700950096854533
3538,Guildhall - Waterloo,30363,"(51.51718, 51.50095)","(-0.09211, -0.11342)",0.11669433939058513
4062,Hoxton - Whitechapel,30293,"(51.53134, 51.51808)","(-0.08565, -0.06597)",0.11642529901915567
1500,Bloomsbury - Westminster,30238,"(51.52292, 51.49676)","(-0.12635, -0.13301)",0.11621391015588968
1431,Bloomsbury - Hoxton,30177,"(51.52292, 51.53134)","(-0.12635, -0.08565)",0.1159794606893583
6083,South Bank - St. Paul's,30164,"(51.50561, 51.51356)","(-0.1129, -0.0994)",0.11592949604894998
3817,Hammersmith - South Kensington,30160,"(51.48948, 51.49441)","(-0.22358, -0.17807)",0.11591412231343971
3400,Fulham - Kensington,30103,"(51.47634, 51.50034)","(-0.21127, -0.19268)",0.1156950465824186
1476,Bloomsbury - St. Luke's,30019,"(51.52292, 51.52613)","(-0.12635, -0.0929)",0.11537219813670326
4400,Kensington Gardens - Westminster,29987,"(51.506, 51.49676)","(-0.18487, -0.13301)",0.11524920825262122
2576,Covent Garden - Marylebone,29963,"(51.51554, 51.51948)","(-0.12301, -0.15783)",0.1151569658395597
14,Aldgate - Bow,29929,"(51.51398, 51.5255)","(-0.07464, -0.02317)",0.11502628908772253
145,Angel - Finsbury,29925,"(51.53324, 51.52687)","(-0.10652, -0.10235)",0.11501091535221228
168,Angel - Marylebone,29828,"(51.53324, 51.51948)","(-0.10652, -0.15783)",0.11463810226608862
4088,Hyde Park - Pimlico,29636,"(51.50562, 51.48891)","(-0.16149, -0.13785)",0.11390016296159641
4967,Mile End - Queen Elizabeth Olympic Park,29509,"(51.52326, 51.54529)","(-0.03619, -0.01581)",0.11341204685914583
4352,Kensington Gardens - Notting Hill,29504,"(51.506, 51.51034)","(-0.18487, -0.19818)",0.11339282968975802
3282,Finsbury - St. Luke's,29276,"(51.52687, 51.52613)","(-0.10235, -0.0929)",0.11251652676567352
6032,Soho - Victoria,29255,"(51.5134, 51.49382)","(-0.13325, -0.14285)",0.11243581465424468
722,Battersea - Nine Elms,29187,"(51.47151, 51.48107)","(-0.16366, -0.1387)",0.11217446115057036
4410,King's Cross - Mayfair,29176,"(51.53367, 51.50988)","(-0.12209, -0.1479)",0.11213218337791717
4944,Mayfair - Waterloo,29151,"(51.50988, 51.50095)","(-0.1479, -0.11342)",0.11203609753097807
445,Bank - Westminster,29048,"(51.5128, 51.49676)","(-0.09163, -0.13301)",0.11164022384158903
4449,King's Cross - The Regent's Park,29007,"(51.53367, 51.53038)","(-0.12209, -0.15448)",0.11148264305260892
541,Bankside - Vauxhall,28924,"(51.50618, 51.49028)","(-0.09824, -0.1185)",0.11116363804077115
4105,Hyde Park - St. James's,28897,"(51.50562, 51.50703)","(-0.16149, -0.1332)",0.11105986532607692
421,Bank - St. Luke's,28887,"(51.5128, 51.52613)","(-0.09163, -0.0929)",0.11102143098730129
6149,Southwark - Vauxhall,28809,"(51.50394, 51.49028)","(-0.10448, -0.1185)",0.11072164314485133
301,Avondale - Shepherd's Bush,28746,"(51.51154, 51.50309)","(-0.21514, -0.21891)",0.11047950681056483
3331,Fitzrovia - Mayfair,28524,"(51.51986, 51.50988)","(-0.13867, -0.1479)",0.10962626448974572
6131,South Kensington - West Brompton,28425,"(51.49441, 51.48486)","(-0.17807, -0.18634)",0.10924576453586693
605,Barbican - Liverpool Street,28252,"(51.52011, 51.51883)","(-0.09512, -0.08165)",0.10858085047504842
6434,Victoria - West End,28238,"(51.49382, 51.50988)","(-0.14285, -0.13306)",0.10852704240076254
632,Barbican - Shoreditch,28226,"(51.52011, 51.52416)","(-0.09512, -0.07619)",0.10848092119423178
1226,Bethnal Green - Holborn,28181,"(51.52744, 51.51776)","(-0.05739, -0.11324)",0.1083079666697414
2109,Chelsea - Hyde Park,28078,"(51.48862, 51.50562)","(-0.16723, -0.16149)",0.10791209298035237
5496,Paddington - Victoria,28032,"(51.51778, 51.49382)","(-0.17339, -0.14285)",0.10773529502198444
6405,Tower - Westminster,28021,"(51.50894, 51.49676)","(-0.07437, -0.13301)",0.10769301724933124
4247,Kennington - Stockwell,27973,"(51.48872, 51.4741)","(-0.10729, -0.11947)",0.1075085324232082
92,Aldgate - Strand,27963,"(51.51398, 51.51027)","(-0.07464, -0.12048)",0.10747009808443256
2049,Canary Wharf - Shadwell,27902,"(51.50414, 51.51053)","(-0.0204, -0.05564)",0.10723564861790118
2513,Clerkenwell - Soho,27863,"(51.5262, 51.5134)","(-0.10962, -0.13325)",0.1070857546966762
4315,Kensington - Strand,27840,"(51.50034, 51.51027)","(-0.19268, -0.12048)",0.10699735571749223
5134,Moorgate - Shoreditch,27694,"(51.5203, 51.52416)","(-0.08794, -0.07619)",0.10643621437136795
6400,Tower - Waterloo,27684,"(51.50894, 51.50095)","(-0.07437, -0.11342)",0.10639778003259232
6411,Vauxhall - Walworth,27613,"(51.49028, 51.48986)","(-0.1185, -0.09434)",0.1061248962272853
117,Angel - Barbican,27532,"(51.53324, 51.52011)","(-0.10652, -0.09512)",0.10581357808320266
6031,Soho - Vauxhall,27481,"(51.5134, 51.49028)","(-0.13325, -0.1185)",0.10561756295544691
1179,Bermondsey - Tower,27453,"(51.49718, 51.50894)","(-0.073, -0.07437)",0.10550994680687513
6043,Soho - West End,27446,"(51.5134, 51.50988)","(-0.13325, -0.13306)",0.1054830427697322
1196,Bermondsey - Whitechapel,27441,"(51.49718, 51.51808)","(-0.073, -0.06597)",0.10546382560034437
6530,West Chelsea - West Kensington,27432,"(51.48226, 51.4876)","(-0.17975, -0.20617)",0.1054292346954463
1188,Bermondsey - Wapping,27428,"(51.49718, 51.50669)","(-0.073, -0.06397)",0.10541386095993605
5974,Shoreditch - Wapping,27372,"(51.52416, 51.50669)","(-0.07619, -0.06397)",0.10519862866279249
2168,Chelsea - Wandsworth,27312,"(51.48862, 51.45998)","(-0.16723, -0.19446)",0.10496802263013867
1445,Bloomsbury - Mayfair,27308,"(51.52292, 51.50988)","(-0.12635, -0.1479)",0.10495264889462841
123,Angel - Bethnal Green,27205,"(51.53324, 51.52744)","(-0.10652, -0.05739)",0.10455677520523937
1162,Bermondsey - Shoreditch,27166,"(51.49718, 51.52416)","(-0.073, -0.07619)",0.10440688128401439
4433,King's Cross - Shoreditch,26959,"(51.53367, 51.52416)","(-0.12209, -0.07619)",0.10361129047135872
3924,Holland Park - Kensington,26937,"(51.50396, 51.50034)","(-0.21031, -0.19268)",0.10352673492605233
6325,Strand - Wapping,26812,"(51.51027, 51.50669)","(-0.12048, -0.06397)",0.10304630569135688
2273,Clapham Common - Clapham Junction,26752,"(51.46137, 51.46406)","(-0.14878, -0.17169)",0.10281569965870307
5914,Shadwell - Whitechapel,26720,"(51.51053, 51.51808)","(-0.05564, -0.06597)",0.10269270977462104
5577,Pimlico - Stockwell,26683,"(51.48891, 51.4741)","(-0.13785, -0.11947)",0.10255050272115118
6518,Waterloo - West End,26682,"(51.50095, 51.50988)","(-0.11342, -0.13306)",0.10254665928727362
4441,King's Cross - St. Luke's,26617,"(51.53367, 51.52613)","(-0.12209, -0.0929)",0.10229683608523199
848,Battersea Park - Sloane Square,26589,"(51.47738, 51.49313)","(-0.1542, -0.15688)",0.1021892199366602
4481,Knightsbridge - Notting Hill,26544,"(51.49808, 51.51034)","(-0.16788, -0.19818)",0.10201626541216985
4933,Mayfair - The Regent's Park,26543,"(51.50988, 51.53038)","(-0.1479, -0.15448)",0.10201242197829229
717,Battersea - Mayfair,26422,"(51.47151, 51.50988)","(-0.16366, -0.1479)",0.10154736647910709
3902,Holborn - Tower,26378,"(51.51776, 51.50894)","(-0.11324, -0.07437)",0.10137825538849429
6314,Strand - Temple,26350,"(51.51027, 51.5121)","(-0.12048, -0.10936)",0.10127063923992251
1441,Bloomsbury - Liverpool Street,26332,"(51.52292, 51.51883)","(-0.12635, -0.08165)",0.10120145743012637
2134,Chelsea - Parson's Green,26324,"(51.48862, 51.47204)","(-0.16723, -0.20051)",0.10117070995910586
3381,Fitzrovia - Waterloo,26302,"(51.51986, 51.50095)","(-0.13867, -0.11342)",0.10108615441379946
3833,Hammersmith - Walham Green,26239,"(51.48948, 51.47731)","(-0.22358, -0.19283)",0.10084401807951296
4887,Marylebone - Waterloo,26237,"(51.51948, 51.50095)","(-0.15783, -0.11342)",0.10083633121175783
824,Battersea Park - Mayfair,26222,"(51.47738, 51.50988)","(-0.1542, -0.1479)",0.10077867970359437
6241,St. Paul's - Westminster,26194,"(51.51356, 51.49676)","(-0.0994, -0.13301)",0.1006710635550226
3041,Elephant & Castle - Strand,26187,"(51.49684, 51.51027)","(-0.10327, -0.12048)",0.10064415951787965
6122,South Kensington - Victoria,26123,"(51.49441, 51.49382)","(-0.17807, -0.14285)",0.10039817974971559
3845,Hammersmith - White City,26041,"(51.48948, 51.51196)","(-0.22358, -0.22494)",0.10008301817175537
6431,Victoria - Waterloo,25981,"(51.49382, 51.50095)","(-0.14285, -0.11342)",0.09985241213910155
3235,Finsbury - Holborn,25971,"(51.52687, 51.51776)","(-0.10235, -0.11324)",0.09981397780032591
2176,Chelsea - West Kensington,25905,"(51.48862, 51.4876)","(-0.16723, -0.20617)",0.09956031116440672
3166,Farringdon - Liverpool Street,25887,"(51.51778, 51.51883)","(-0.1022, -0.08165)",0.09949112935461059
2484,Clerkenwell - Liverpool Street,25862,"(51.5262, 51.51883)","(-0.10962, -0.08165)",0.09939504350767149
1542,Borough - London Bridge,25813,"(51.49946, 51.50423)","(-0.09326, -0.08544)",0.09920671524767087
5552,Parson's Green - West Kensington,25722,"(51.47204, 51.4876)","(-0.20051, -0.20617)",0.0988569627648126
6365,Temple - Waterloo,25583,"(51.5121, 51.50095)","(-0.10936, -0.11342)",0.09832272545583126
4743,London Bridge - Shoreditch,25480,"(51.50423, 51.52416)","(-0.08544, -0.07619)",0.09792685176644221
439,Bank - Wapping,25466,"(51.5128, 51.50669)","(-0.09163, -0.06397)",0.09787304369215633
1658,Bow - Poplar,25436,"(51.5255, 51.51362)","(-0.02317, -0.01592)",0.09775774067582942
4770,London Bridge - Waterloo,25399,"(51.50423, 51.50095)","(-0.08544, -0.11342)",0.09761553362235956
4334,Kensington - Westminster,25396,"(51.50034, 51.49676)","(-0.19268, -0.13301)",0.09760400332072687
2,Aldgate - Bank,25305,"(51.51398, 51.5128)","(-0.07464, -0.09163)",0.09725425083786858
1313,Blackwall - Cubitt Town,25195,"(51.5072, 51.49292)","(-0.0059, -0.01048)",0.0968314731113366
1112,Bermondsey - Elephant & Castle,25176,"(51.49718, 51.49684)","(-0.073, -0.10327)",0.09675844786766288
1606,Bow - Canary Wharf,25059,"(51.5255, 51.50414)","(-0.02317, -0.0204)",0.09630876610398795
6124,South Kensington - Walham Green,25056,"(51.49441, 51.47731)","(-0.17807, -0.19283)",0.09629723580235526
3746,Haggerston - St. Luke's,25029,"(51.53581, 51.52613)","(-0.07083, -0.0929)",0.09619346308766104
5592,Pimlico - Waterloo,25018,"(51.48891, 51.50095)","(-0.13785, -0.11342)",0.09615118531500784
3060,Elephant & Castle - Westminster,24994,"(51.49684, 51.49676)","(-0.10327, -0.13301)",0.09605894290194632
6297,Stockwell - Victoria,24979,"(51.4741, 51.49382)","(-0.11947, -0.14285)",0.09600129139378286
5893,Shadwell - Strand,24979,"(51.51053, 51.51027)","(-0.05564, -0.12048)",0.09600129139378286
5198,Nine Elms - Stockwell,24920,"(51.48107, 51.4741)","(-0.1387, -0.11947)",0.09577452879500661
4321,Kensington - Victoria,24851,"(51.50034, 51.49382)","(-0.19268, -0.14285)",0.09550933185745472
5897,Shadwell - Tower,24776,"(51.51053, 51.50894)","(-0.05564, -0.07437)",0.09522107431663746
417,Bank - South Bank,24774,"(51.5128, 51.50561)","(-0.09163, -0.1129)",0.09521338744888233
5107,Monument - Wapping,24644,"(51.50981, 51.50669)","(-0.08432, -0.06397)",0.09471374104479906
484,Bankside - Holborn,24533,"(51.50618, 51.51776)","(-0.09824, -0.11324)",0.09428711988438951
3915,Holborn - West End,24499,"(51.51776, 51.50988)","(-0.11324, -0.13306)",0.09415644313255235
3699,Haggerston - Holborn,24484,"(51.53581, 51.51776)","(-0.07083, -0.11324)",0.09409879162438889
6433,Victoria - West Chelsea,24473,"(51.49382, 51.48226)","(-0.14285, -0.17975)",0.09405651385173569
6158,Southwark - Waterloo,24434,"(51.50394, 51.50095)","(-0.10448, -0.11342)",0.09390661993051072
4701,Liverpool Street - Vauxhall,24357,"(51.51883, 51.49028)","(-0.08165, -0.1185)",0.09361067552193832
5838,Sands End - West Kensington,24258,"(51.47049, 51.4876)","(-0.18915, -0.20617)",0.09323017556805953
2426,Clapham Junction - South Kensington,24242,"(51.46406, 51.49441)","(-0.17169, -0.17807)",0.0931686806260185
1468,Bloomsbury - Shoreditch,24221,"(51.52292, 51.52416)","(-0.12635, -0.07619)",0.09308796851458967
6454,Walham Green - Wandsworth,24219,"(51.47731, 51.45998)","(-0.19283, -0.19446)",0.09308028164683455
4116,Hyde Park - Vauxhall,24209,"(51.50562, 51.49028)","(-0.16149, -0.1185)",0.09304184730805891
789,Battersea Park - Clapham Common,24185,"(51.47738, 51.46137)","(-0.1542, -0.14878)",0.09294960489499739
985,Bayswater - Westminster,24149,"(51.515, 51.49676)","(-0.18647, -0.13301)",0.09281124127540509
5482,Paddington - South Kensington,24118,"(51.51778, 51.49441)","(-0.17339, -0.17807)",0.09269209482520063
2391,Clapham Junction - Knightsbridge,24111,"(51.46406, 51.49808)","(-0.17169, -0.16788)",0.09266519078805768
1157,Bermondsey - Rotherhithe,24085,"(51.49718, 51.4988)","(-0.073, -0.0525)",0.09256526150724102
2515,Clerkenwell - South Bank,24022,"(51.5262, 51.50561)","(-0.10962, -0.1129)",0.09232312517295452
270,Avondale - Kensington,23978,"(51.51154, 51.50034)","(-0.21514, -0.19268)",0.09215401408234172
6135,South Kensington - Westminster,23931,"(51.49441, 51.49676)","(-0.17807, -0.13301)",0.09197337269009624
13,Aldgate - Borough,23925,"(51.51398, 51.49946)","(-0.07464, -0.09326)",0.09195031208683085
4935,Mayfair - Vauxhall,23897,"(51.50988, 51.49028)","(-0.1479, -0.1185)",0.09184269593825908
4267,Kennington - Westminster,23880,"(51.48872, 51.49676)","(-0.10729, -0.13301)",0.0917773575623405
4850,Marylebone - Pimlico,23865,"(51.51948, 51.48891)","(-0.15783, -0.13785)",0.09171970605417704
1471,Bloomsbury - Somers Town,23775,"(51.52292, 51.52907)","(-0.12635, -0.13026)",0.09137379700519632
3919,Holborn - Whitechapel,23715,"(51.51776, 51.51808)","(-0.11324, -0.06597)",0.0911431909725425
3034,Elephant & Castle - Southwark,23705,"(51.49684, 51.50394)","(-0.10327, -0.10448)",0.09110475663376687
3801,Hammersmith - Parson's Green,23636,"(51.48948, 51.47204)","(-0.22358, -0.20051)",0.09083955969621499
1783,Brixton - Vauxhall,23630,"(51.4635, 51.49028)","(-0.11478, -0.1185)",0.0908164990929496
6282,Stepney - Wapping,23622,"(51.51704, 51.50669)","(-0.04924, -0.06397)",0.09078575162192909
5570,Pimlico - South Kensington,23515,"(51.48891, 51.49441)","(-0.13785, -0.17807)",0.09037450419702979
5961,Shoreditch - Strand,23489,"(51.52416, 51.51027)","(-0.07619, -0.12048)",0.09027457491621314
1194,Bermondsey - Westminster,23435,"(51.49718, 51.49676)","(-0.073, -0.13301)",0.09006702948682471
4518,Knightsbridge - Walham Green,23416,"(51.49808, 51.47731)","(-0.16788, -0.19283)",0.089994004243151
3772,Haggerston - Whitechapel,23408,"(51.53581, 51.51808)","(-0.07083, -0.06597)",0.08996325677213049
5595,Pimlico - West End,23402,"(51.48891, 51.50988)","(-0.13785, -0.13306)",0.08994019616886512
5383,Olympia - Shepherd's Bush,23401,"(51.49797, 51.50309)","(-0.2099, -0.21891)",0.08993635273498754
998,Belgravia - Chelsea,23353,"(51.49656, 51.48862)","(-0.15272, -0.16723)",0.0897518679088645
4818,Maida Vale - The Regent's Park,23338,"(51.52626, 51.53038)","(-0.18231, -0.15448)",0.08969421640070104
3342,Fitzrovia - Paddington,23283,"(51.51986, 51.51778)","(-0.13867, -0.17339)",0.08948282753743504
1498,Bloomsbury - West End,23257,"(51.52292, 51.50988)","(-0.12635, -0.13306)",0.0893828982566184
1969,Camden Town - Strand,23211,"(51.53821, 51.51027)","(-0.14134, -0.12048)",0.08920610029825046
2837,Earl's Court - Mayfair,23194,"(51.49213, 51.50988)","(-0.19276, -0.1479)",0.08914076192233189
5113,Monument - Westminster,23179,"(51.50981, 51.49676)","(-0.08432, -0.13301)",0.08908311041416843
6470,Walworth - Waterloo,23086,"(51.48986, 51.50095)","(-0.09434, -0.11342)",0.08872567106355501
1180,Bermondsey - Vauxhall,23042,"(51.49718, 51.49028)","(-0.073, -0.1185)",0.08855655997294222
4812,Maida Vale - St.John's Wood,23038,"(51.52626, 51.52981)","(-0.18231, -0.17254)",0.08854118623743197
4661,Liverpool Street - Mile End,23000,"(51.51883, 51.52326)","(-0.08165, -0.03619)",0.08839513575008455
5968,Shoreditch - Victoria Park,22902,"(51.52416, 51.53902)","(-0.07619, -0.03903)",0.08801847923008332
2524,Clerkenwell - Strand,22890,"(51.5262, 51.51027)","(-0.10962, -0.12048)",0.08797235802355256
4436,King's Cross - Somers Town,22841,"(51.53367, 51.52907)","(-0.12209, -0.13026)",0.08778402976355194
2410,Clapham Junction - Parson's Green,22814,"(51.46406, 51.47204)","(-0.17169, -0.20051)",0.08768025704885773
1900,Camden Town - Clerkenwell,22764,"(51.53821, 51.5262)","(-0.14134, -0.10962)",0.08748808535497955
2989,Elephant & Castle - Holborn,22730,"(51.49684, 51.51776)","(-0.10327, -0.11324)",0.0873574086031424
42,Aldgate - Hoxton,22675,"(51.51398, 51.53134)","(-0.07464, -0.08565)",0.08714601973987639
4129,Hyde Park - West Kensington,22672,"(51.50562, 51.4876)","(-0.16149, -0.20617)",0.0871344894382437
3237,Finsbury - Hoxton,22669,"(51.52687, 51.53134)","(-0.10235, -0.08565)",0.08712295913661101
1421,Bloomsbury - Finsbury,22666,"(51.52292, 51.52687)","(-0.12635, -0.10235)",0.08711142883497833
4290,Kensington - Paddington,22534,"(51.50034, 51.51778)","(-0.19268, -0.17339)",0.08660409556313993
5550,Parson's Green - West Chelsea,22526,"(51.47204, 51.48226)","(-0.20051, -0.17975)",0.08657334809211942
3040,Elephant & Castle - Stockwell,22439,"(51.49684, 51.4741)","(-0.10327, -0.11947)",0.08623896934477139
4463,King's Cross - West End,22436,"(51.53367, 51.50988)","(-0.12209, -0.13306)",0.0862274390431387
5292,Notting Hill - South Kensington,22388,"(51.51034, 51.49441)","(-0.19818, -0.17807)",0.08604295421701565
5544,Parson's Green - Wandsworth,22320,"(51.47204, 51.45998)","(-0.20051, -0.19446)",0.08578160071334133
2062,Canary Wharf - Stepney,22275,"(51.50414, 51.51704)","(-0.0204, -0.04924)",0.08560864618885096
4460,King's Cross - Waterloo,22238,"(51.53367, 51.50095)","(-0.12209, -0.11342)",0.08546643913538111
928,Bayswater - Maida Vale,22223,"(51.515, 51.52626)","(-0.18647, -0.18231)",0.08540878762721767
6211,St. Luke's - Waterloo,22182,"(51.52613, 51.50095)","(-0.0929, -0.11342)",0.08525120683823756
2411,Clapham Junction - Pimlico,22181,"(51.46406, 51.48891)","(-0.17169, -0.13785)",0.08524736340436
2465,Clerkenwell - Fitzrovia,22153,"(51.5262, 51.51986)","(-0.10962, -0.13867)",0.08513974725578821
2342,Clapham Common - Stockwell,22148,"(51.46137, 51.4741)","(-0.14878, -0.11947)",0.08512053008640039
4790,Maida Vale - Paddington,22125,"(51.52626, 51.51778)","(-0.18231, -0.17339)",0.08503213110721643
736,Battersea - Sands End,22100,"(51.47151, 51.47049)","(-0.16366, -0.18915)",0.08493604526027734
2820,Earl's Court - Hammersmith,22031,"(51.49213, 51.48948)","(-0.19276, -0.22358)",0.08467084832272545
4406,King's Cross - Liverpool Street,21955,"(51.53367, 51.51883)","(-0.12209, -0.08165)",0.08437874734803062
1456,Bloomsbury - Paddington,21885,"(51.52292, 51.51778)","(-0.12635, -0.17339)",0.08410970697660117
3032,Elephant & Castle - South Bank,21860,"(51.49684, 51.50561)","(-0.10327, -0.1129)",0.08401362112966208
5142,Moorgate - St. Luke's,21769,"(51.5203, 51.52613)","(-0.08794, -0.0929)",0.0836638686468038
5443,Oval - Stockwell,21733,"(51.48354, 51.4741)","(-0.11382, -0.11947)",0.08352550502721151
4700,Liverpool Street - Tower,21721,"(51.51883, 51.50894)","(-0.08165, -0.07437)",0.08347938382068075
5356,Old Ford - Victoria Park,21704,"(51.53424, 51.53902)","(-0.03165, -0.03903)",0.08341404544476216
5950,Shoreditch - Soho,21703,"(51.52416, 51.5134)","(-0.07619, -0.13325)",0.0834102020108846
4273,Kensington - Ladbroke Grove,21694,"(51.50034, 51.51095)","(-0.19268, -0.20618)",0.08337561110598653
1639,Bow - Limehouse,21682,"(51.5255, 51.5121)","(-0.02317, -0.03294)",0.08332948989945577
3798,Hammersmith - Olympia,21530,"(51.48948, 51.49797)","(-0.22358, -0.2099)",0.08274528795006611
4030,Hoxton - Soho,21501,"(51.53134, 51.5134)","(-0.08565, -0.13325)",0.08263382836761676
2146,Chelsea - Sloane Square,21498,"(51.48862, 51.49313)","(-0.16723, -0.15688)",0.08262229806598408
1184,Bermondsey - Walworth,21469,"(51.49718, 51.48986)","(-0.073, -0.09434)",0.08251083848353473
3050,Elephant & Castle - Walworth,21417,"(51.49684, 51.48986)","(-0.10327, -0.09434)",0.08231097992190142
6226,St. Paul's - Tower,21401,"(51.51356, 51.50894)","(-0.0994, -0.07437)",0.0822494849798604
6291,Stockwell - Strand,21360,"(51.4741, 51.51027)","(-0.11947, -0.12048)",0.0820919041908803
5567,Pimlico - Soho,21330,"(51.48891, 51.5134)","(-0.13785, -0.13325)",0.0819766011745534
194,Angel - Soho,21284,"(51.53324, 51.5134)","(-0.10652, -0.13325)",0.08179980321618546
5619,Poplar - Stepney,21278,"(51.51362, 51.51704)","(-0.01592, -0.04924)",0.08177674261292009
752,Battersea - Stockwell,21273,"(51.47151, 51.4741)","(-0.16366, -0.11947)",0.08175752544353226
682,Battersea - Clapham Common,21264,"(51.47151, 51.46137)","(-0.16366, -0.14878)",0.08172293453863419
5221,North Kensington - Notting Hill,21256,"(51.51904, 51.51034)","(-0.21138, -0.19818)",0.08169218706761369
4648,Limehouse - Wapping,21181,"(51.5121, 51.50669)","(-0.03294, -0.06397)",0.08140392952679643
146,Angel - Fitzrovia,21117,"(51.53324, 51.51986)","(-0.10652, -0.13867)",0.08115794975863234
6218,St. Luke's - Whitechapel,21068,"(51.52613, 51.51808)","(-0.0929, -0.06597)",0.08096962149863174
4527,Knightsbridge - West End,21023,"(51.49808, 51.50988)","(-0.16788, -0.13306)",0.08079666697414138
3888,Holborn - Somers Town,20991,"(51.51776, 51.52907)","(-0.11324, -0.13026)",0.08067367709005935
431,Bank - Vauxhall,20942,"(51.5128, 51.49028)","(-0.09163, -0.1185)",0.08048534883005873
860,Battersea Park - Strand,20898,"(51.47738, 51.51027)","(-0.1542, -0.12048)",0.08031623773944593
357,Bank - Clerkenwell,20881,"(51.5128, 51.5262)","(-0.09163, -0.10962)",0.08025089936352735
6029,Soho - The Regent's Park,20881,"(51.5134, 51.53038)","(-0.13325, -0.15448)",0.08025089936352735
1432,Bloomsbury - Hyde Park,20837,"(51.52292, 51.50562)","(-0.12635, -0.16149)",0.08008178827291455
3873,Holborn - Paddington,20836,"(51.51776, 51.51778)","(-0.11324, -0.17339)",0.08007794483903699
2613,Covent Garden - Strand,20827,"(51.51554, 51.51027)","(-0.12301, -0.12048)",0.08004335393413892
5490,Paddington - Strand,20807,"(51.51778, 51.51027)","(-0.17339, -0.12048)",0.07996648525658764
2376,Clapham Junction - Fulham,20800,"(51.46406, 51.47634)","(-0.17169, -0.21127)",0.0799395812194447
2994,Elephant & Castle - Kennington,20760,"(51.49684, 51.48872)","(-0.10327, -0.10729)",0.07978584386434216
4090,Hyde Park - Portobello,20757,"(51.50562, 51.51844)","(-0.16149, -0.2023)",0.07977431356270946
3849,Holborn - Hyde Park,20740,"(51.51776, 51.50562)","(-0.11324, -0.16149)",0.07970897518679089
4867,Marylebone - St. James's,20725,"(51.51948, 51.50703)","(-0.15783, -0.1332)",0.07965132367862743
3582,Hackney Central - Queen Elizabeth Olympic Park,20712,"(51.53829, 51.54529)","(-0.05902, -0.01581)",0.0796013590382191
1602,Borough - Whitechapel,20627,"(51.49946, 51.51808)","(-0.09326, -0.06597)",0.0792746671586262
6021,Soho - St. Luke's,20625,"(51.5134, 51.52613)","(-0.13325, -0.0929)",0.07926698029087108
4114,Hyde Park - The Regent's Park,20622,"(51.50562, 51.53038)","(-0.16149, -0.15448)",0.07925544998923838
5479,Paddington - Soho,20619,"(51.51778, 51.5134)","(-0.17339, -0.13325)",0.07924391968760569
53,Aldgate - London Bridge,20578,"(51.51398, 51.50423)","(-0.07464, -0.08544)",0.07908633889862558
447,Bank - Whitechapel,20547,"(51.5128, 51.51808)","(-0.09163, -0.06597)",0.07896719244842111
1402,Bloomsbury - Borough,20537,"(51.52292, 51.49946)","(-0.12635, -0.09326)",0.07892875810964547
4620,Limehouse - Shadwell,20490,"(51.5121, 51.51053)","(-0.03294, -0.05564)",0.0787481167174
843,Battersea Park - Sands End,20466,"(51.47738, 51.47049)","(-0.1542, -0.18915)",0.07865587430433847
6483,Wandsworth - West Chelsea,20424,"(51.45998, 51.48226)","(-0.19446, -0.17975)",0.0784944500814808
2881,Earl's Court - Walham Green,20409,"(51.49213, 51.47731)","(-0.19276, -0.19283)",0.07843679857331734
3243,Finsbury - King's Cross,20351,"(51.52687, 51.53367)","(-0.10235, -0.12209)",0.07821387940841866
6177,St. James's - Victoria,20320,"(51.50703, 51.49382)","(-0.1332, -0.14285)",0.07809473295821419
2551,Covent Garden - Euston,20317,"(51.51554, 51.5261)","(-0.12301, -0.13489)",0.0780832026565815
4656,Limehouse - Whitechapel,20302,"(51.5121, 51.51808)","(-0.03294, -0.06597)",0.07802555114841804
2828,Earl's Court - Kensington Gardens,20261,"(51.49213, 51.506)","(-0.19276, -0.18487)",0.07786797035943793
3220,Farringdon - Waterloo,20257,"(51.51778, 51.50095)","(-0.1022, -0.11342)",0.07785259662392768
6017,Soho - South Bank,20246,"(51.5134, 51.50561)","(-0.13325, -0.1129)",0.07781031885127448
811,Battersea Park - Hyde Park,20241,"(51.47738, 51.50562)","(-0.1542, -0.16149)",0.07779110168188666
1168,Bermondsey - Southwark,20187,"(51.49718, 51.50394)","(-0.073, -0.10448)",0.07758355625249823
2173,Chelsea - West Brompton,20065,"(51.48862, 51.48486)","(-0.16723, -0.18634)",0.07711465731943548
1640,Bow - Liverpool Street,20052,"(51.5255, 51.51883)","(-0.02317, -0.08165)",0.07706469267902714
3732,Haggerston - Queen Elizabeth Olympic Park,20034,"(51.53581, 51.54529)","(-0.07083, -0.01581)",0.07699551086923101
5812,Sands End - South Kensington,20003,"(51.47049, 51.49441)","(-0.18915, -0.17807)",0.07687636441902654
473,Bankside - Elephant & Castle,19994,"(51.50618, 51.49684)","(-0.09824, -0.10327)",0.07684177351412846
3776,Hammersmith - Hyde Park,19973,"(51.48948, 51.50562)","(-0.22358, -0.16149)",0.07676106140269963
5347,Old Ford - Stepney,19965,"(51.53424, 51.51704)","(-0.03165, -0.04924)",0.07673031393167912
555,Bankside - Westminster,19925,"(51.50618, 51.49676)","(-0.09824, -0.13301)",0.07657657657657657
3432,Fulham - Shepherd's Bush,19904,"(51.47634, 51.50309)","(-0.21127, -0.21891)",0.07649586446514774
1028,Belgravia - Knightsbridge,19901,"(51.49656, 51.49808)","(-0.15272, -0.16788)",0.07648433416351505
707,Battersea - Kensington,19881,"(51.47151, 51.50034)","(-0.16366, -0.19268)",0.07640746548596378
4993,Mile End - Victoria Park,19835,"(51.52326, 51.53902)","(-0.03619, -0.03903)",0.07623066752759586
6407,Tower - Whitechapel,19812,"(51.50894, 51.51808)","(-0.07437, -0.06597)",0.0761422685484119
761,Battersea - Walham Green,19802,"(51.47151, 51.47731)","(-0.16366, -0.19283)",0.07610383420963626
4041,Hoxton - Strand,19755,"(51.53134, 51.51027)","(-0.08565, -0.12048)",0.07592319281739077
1585,Borough - Tower,19739,"(51.49946, 51.50894)","(-0.09326, -0.07437)",0.07586169787534976
1035,Belgravia - Mayfair,19637,"(51.49656, 51.50988)","(-0.15272, -0.1479)",0.07546966761983827
6116,South Kensington - Strand,19585,"(51.49441, 51.51027)","(-0.17807, -0.12048)",0.07526980905820496
1933,Camden Town - Mayfair,19488,"(51.53821, 51.50988)","(-0.14134, -0.1479)",0.0748969959720813
287,Avondale - Notting Hill,19452,"(51.51154, 51.51034)","(-0.21514, -0.19818)",0.074758632352489
5957,Shoreditch - St. Paul's,19407,"(51.52416, 51.51356)","(-0.07619, -0.0994)",0.07458567782799864
1472,Bloomsbury - South Bank,19390,"(51.52292, 51.50561)","(-0.12635, -0.1129)",0.07452033945208006
4927,Mayfair - St.John's Wood,19365,"(51.50988, 51.52981)","(-0.1479, -0.17254)",0.07442425360514097
3716,Haggerston - Mile End,19347,"(51.53581, 51.52326)","(-0.07083, -0.03619)",0.07435507179534483
1821,Brook Green - Hammersmith,19320,"(51.4955, 51.48948)","(-0.21984, -0.22358)",0.07425129908065062
6144,Southwark - Strand,19310,"(51.50394, 51.51027)","(-0.10448, -0.12048)",0.07421286474187498
4878,Marylebone - Vauxhall,19297,"(51.51948, 51.49028)","(-0.15783, -0.1185)",0.07416290010146666
1486,Bloomsbury - Vauxhall,19245,"(51.52292, 51.49028)","(-0.12635, -0.1185)",0.07396304153983335
936,Bayswater - North Kensington,19244,"(51.515, 51.51904)","(-0.18647, -0.21138)",0.07395919810595579
3875,Holborn - Pimlico,19240,"(51.51776, 51.48891)","(-0.11324, -0.13785)",0.07394382437044553
5947,Shepherd's Bush - White City,19238,"(51.50309, 51.51196)","(-0.21891, -0.22494)",0.0739361375026904
4073,Hyde Park - Maida Vale,19210,"(51.50562, 51.52626)","(-0.16149, -0.18231)",0.07382852135411862
4356,Kensington Gardens - Paddington,19195,"(51.506, 51.51778)","(-0.18487, -0.17339)",0.07377086984595517
1237,Bethnal Green - Limehouse,19112,"(51.52744, 51.5121)","(-0.05739, -0.03294)",0.07345186483411739
955,Bayswater - Soho,19103,"(51.515, 51.5134)","(-0.18647, -0.13325)",0.07341727392921932
3897,Holborn - Stockwell,19070,"(51.51776, 51.4741)","(-0.11324, -0.11947)",0.07329044061125972
3901,Holborn - The Regent's Park,19025,"(51.51776, 51.53038)","(-0.11324, -0.15448)",0.07311748608676936
2433,Clapham Junction - Stockwell,18999,"(51.46406, 51.4741)","(-0.17169, -0.11947)",0.0730175568059527
2462,Clerkenwell - Euston,18967,"(51.5262, 51.5261)","(-0.10962, -0.13489)",0.07289456692187067
872,Battersea Park - Wandsworth Road,18924,"(51.47738, 51.47301)","(-0.1542, -0.13444)",0.07272929926513544
338,Bank - Barbican,18921,"(51.5128, 51.52011)","(-0.09163, -0.09512)",0.07271776896350275
3911,Holborn - Wapping,18832,"(51.51776, 51.50669)","(-0.11324, -0.06397)",0.07237570334839959
3274,Finsbury - Shoreditch,18811,"(51.52687, 51.52416)","(-0.10235, -0.07619)",0.07229499123697075
3678,Hackney Wick - Stratford,18765,"(51.54031, 51.5418)","(-0.02163, -0.00481)",0.07211819327860283
1860,Brook Green - Shepherd's Bush,18705,"(51.4955, 51.50309)","(-0.21984, -0.21891)",0.07188758724594901
4381,Kensington Gardens - Strand,18697,"(51.506, 51.51027)","(-0.18487, -0.12048)",0.07185683977492852
2836,Earl's Court - Marylebone,18663,"(51.49213, 51.51948)","(-0.19276, -0.15783)",0.07172616302309134
3143,Euston - Westminster,18662,"(51.5261, 51.49676)","(-0.13489, -0.13301)",0.07172231958921378
4664,Liverpool Street - Moorgate,18657,"(51.51883, 51.5203)","(-0.08165, -0.08794)",0.07170310241982597
2456,Clerkenwell - Covent Garden,18657,"(51.5262, 51.51554)","(-0.10962, -0.12301)",0.07170310241982597
4037,Hoxton - St. Paul's,18650,"(51.53134, 51.51356)","(-0.08565, -0.0994)",0.07167619838268302
5952,Shoreditch - South Bank,18559,"(51.52416, 51.50561)","(-0.07619, -0.1129)",0.07132644589982474
88,Aldgate - St. Paul's,18555,"(51.51398, 51.51356)","(-0.07464, -0.0994)",0.07131107216431448
6333,Strand - Whitechapel,18510,"(51.51027, 51.51808)","(-0.12048, -0.06597)",0.07113811763982412
5487,Paddington - St.John's Wood,18495,"(51.51778, 51.52981)","(-0.17339, -0.17254)",0.07108046613166066
382,Bank - King's Cross,18491,"(51.5128, 51.53367)","(-0.09163, -0.12209)",0.07106509239615041
1570,Borough - Soho,18425,"(51.49946, 51.5134)","(-0.09326, -0.13325)",0.07081142576023122
205,Angel - Strand,18419,"(51.53324, 51.51027)","(-0.10652, -0.12048)",0.07078836515696584
5493,Paddington - The Regent's Park,18385,"(51.51778, 51.53038)","(-0.17339, -0.15448)",0.07065768840512868
3758,Haggerston - Victoria Park,18327,"(51.53581, 51.53902)","(-0.07083, -0.03903)",0.07043476924023
115,Angel - Bank,18321,"(51.53324, 51.5128)","(-0.10652, -0.09163)",0.07041170863696461
337,Bank - Bankside,18317,"(51.5128, 51.50618)","(-0.09163, -0.09824)",0.07039633490145436
983,Bayswater - West End,18304,"(51.515, 51.50988)","(-0.18647, -0.13306)",0.07034637026104602
363,Bank - Elephant & Castle,18270,"(51.5128, 51.49684)","(-0.09163, -0.10327)",0.07021569350920887
1944,Camden Town - Paddington,18248,"(51.53821, 51.51778)","(-0.14134, -0.17339)",0.07013113796390247
4102,Hyde Park - South Bank,18248,"(51.50562, 51.50561)","(-0.16149, -0.1129)",0.07013113796390247
2464,Clerkenwell - Finsbury,18222,"(51.5262, 51.52687)","(-0.10962, -0.10235)",0.07003120868308582
4544,Ladbroke Grove - Notting Hill,18216,"(51.51095, 51.51034)","(-0.20618, -0.19818)",0.07000814807982043
2442,Clapham Junction - Walham Green,18210,"(51.46406, 51.47731)","(-0.17169, -0.19283)",0.06998508747655505
5965,Shoreditch - Tower,18149,"(51.52416, 51.50894)","(-0.07619, -0.07437)",0.06975063801002368
5286,Notting Hill - Shepherd's Bush,18104,"(51.51034, 51.50309)","(-0.19818, -0.21891)",0.06957768348553331
3808,Hammersmith - Sands End,18092,"(51.48948, 51.47049)","(-0.22358, -0.18915)",0.06953156227900255
1142,Bermondsey - Monument,18064,"(51.49718, 51.50981)","(-0.073, -0.08432)",0.06942394613043078
4946,Mayfair - West Chelsea,18058,"(51.50988, 51.48226)","(-0.1479, -0.17975)",0.06940088552716539
149,Angel - Hackney Central,18037,"(51.53324, 51.53829)","(-0.10652, -0.05902)",0.06932017341573656
966,Bayswater - Strand,18025,"(51.515, 51.51027)","(-0.18647, -0.12048)",0.0692740522092058
430,Bank - Tower,17989,"(51.5128, 51.50894)","(-0.09163, -0.07437)",0.0691356885896135
411,Bank - Shadwell,17983,"(51.5128, 51.51053)","(-0.09163, -0.05564)",0.06911262798634812
4499,Knightsbridge - Soho,17947,"(51.49808, 51.5134)","(-0.16788, -0.13325)",0.06897426436675583
2632,Covent Garden - Westminster,17942,"(51.51554, 51.49676)","(-0.12301, -0.13301)",0.06895504719736802
4248,Kennington - Strand,17928,"(51.48872, 51.51027)","(-0.10729, -0.12048)",0.06890123912308213
1048,Belgravia - Pimlico,17922,"(51.49656, 51.48891)","(-0.15272, -0.13785)",0.06887817851981674
4852,Marylebone - Portobello,17919,"(51.51948, 51.51844)","(-0.15783, -0.2023)",0.06886664821818406
3088,Euston - Mayfair,17884,"(51.5261, 51.50988)","(-0.13489, -0.1479)",0.06873212803246932
1171,Bermondsey - St. Paul's,17872,"(51.49718, 51.51356)","(-0.073, -0.0994)",0.06868600682593856
422,Bank - St. Paul's,17869,"(51.5128, 51.51356)","(-0.09163, -0.0994)",0.06867447652430587
173,Angel - Moorgate,17816,"(51.53324, 51.5203)","(-0.10652, -0.08794)",0.068470774528795
529,Bankside - Southwark,17815,"(51.50618, 51.50394)","(-0.09824, -0.10448)",0.06846693109491744
1077,Belgravia - Victoria,17775,"(51.49656, 51.49382)","(-0.15272, -0.14285)",0.0683131937398149
2388,Clapham Junction - Kensington,17728,"(51.46406, 51.50034)","(-0.17169, -0.19268)",0.06813255234756942
1090,Belgravia - Westminster,17710,"(51.49656, 51.49676)","(-0.15272, -0.13301)",0.06806337053777327
4294,Kensington - Portobello,17703,"(51.50034, 51.51844)","(-0.19268, -0.2023)",0.06803646650063032
5275,Notting Hill - Paddington,17675,"(51.51034, 51.51778)","(-0.19818, -0.17339)",0.06792885035205855
4868,Marylebone - St. Luke's,17661,"(51.51948, 51.52613)","(-0.15783, -0.0929)",0.06787504227777265
2470,Clerkenwell - Haggerston,17641,"(51.5262, 51.53581)","(-0.10962, -0.07083)",0.06779817360022138
2163,Chelsea - Vauxhall,17594,"(51.48862, 51.49028)","(-0.16723, -0.1185)",0.0676175322079759
1931,Camden Town - Maida Vale,17547,"(51.53821, 51.52626)","(-0.14134, -0.18231)",0.0674368908157304
733,Battersea - Putney,17547,"(51.47151, 51.46188)","(-0.16366, -0.2143)",0.0674368908157304
1209,Bethnal Green - Clerkenwell,17500,"(51.52744, 51.5262)","(-0.05739, -0.10962)",0.06725624942348492
4681,Liverpool Street - Shadwell,17464,"(51.51883, 51.51053)","(-0.08165, -0.05564)",0.06711788580389264
1548,Borough - Monument,17462,"(51.49946, 51.50981)","(-0.09326, -0.08432)",0.0671101989361375
2439,Clapham Junction - Vauxhall,17461,"(51.46406, 51.49028)","(-0.17169, -0.1185)",0.06710635550225993
5218,Nine Elms - Westminster,17409,"(51.48107, 51.49676)","(-0.1387, -0.13301)",0.06690649694062663
6414,Vauxhall - Wandsworth Road,17374,"(51.49028, 51.47301)","(-0.1185, -0.13444)",0.06677197675491191
868,Battersea Park - Walham Green,17365,"(51.47738, 51.47731)","(-0.1542, -0.19283)",0.06673738585001383
4330,Kensington - West Brompton,17327,"(51.50034, 51.48486)","(-0.19268, -0.18634)",0.06659133536266643
1558,Borough - Pimlico,17298,"(51.49946, 51.48891)","(-0.09326, -0.13785)",0.06647987578021708
4559,Ladbroke Grove - Shepherd's Bush,17287,"(51.51095, 51.50309)","(-0.20618, -0.21891)",0.06643759800756388
143,Angel - Euston,17267,"(51.53324, 51.5261)","(-0.10652, -0.13489)",0.06636072933001261
4442,King's Cross - St. Paul's,17257,"(51.53367, 51.51356)","(-0.12209, -0.0994)",0.06632229499123697
924,Bayswater - Ladbroke Grove,17252,"(51.515, 51.51095)","(-0.18647, -0.20618)",0.06630307782184915
6171,St. James's - Strand,17234,"(51.50703, 51.51027)","(-0.1332, -0.12048)",0.06623389601205301
1101,Bermondsey - Canary Wharf,17163,"(51.49718, 51.50414)","(-0.073, -0.0204)",0.065961012206746
6273,Stepney - Tower,17148,"(51.51704, 51.50894)","(-0.04924, -0.07437)",0.06590336069858255
4097,Hyde Park - Shepherd's Bush,17116,"(51.50562, 51.50309)","(-0.16149, -0.21891)",0.06578037081450051
3247,Finsbury - Liverpool Street,17105,"(51.52687, 51.51883)","(-0.10235, -0.08165)",0.0657380930418473
3841,Hammersmith - West Chelsea,17082,"(51.48948, 51.48226)","(-0.22358, -0.17975)",0.06564969406266334
1477,Bloomsbury - St. Paul's,17076,"(51.52292, 51.51356)","(-0.12635, -0.0994)",0.06562663345939797
5730,Queen Elizabeth Olympic Park - Shoreditch,17073,"(51.54529, 51.52416)","(-0.01581, -0.07619)",0.06561510315776527
3723,Haggerston - Old Ford,17042,"(51.53581, 51.53424)","(-0.07083, -0.03165)",0.0654959567075608
3318,Fitzrovia - Hyde Park,17031,"(51.51986, 51.50562)","(-0.13867, -0.16149)",0.0654536789349076
6197,St. Luke's - Strand,16984,"(51.52613, 51.51027)","(-0.0929, -0.12048)",0.06527303754266212
4747,London Bridge - South Bank,16971,"(51.50423, 51.50561)","(-0.08544, -0.1129)",0.06522307290225379
523,Bankside - Shoreditch,16966,"(51.50618, 51.52416)","(-0.09824, -0.07619)",0.06520385573286597
4360,Kensington Gardens - Portobello,16965,"(51.506, 51.51844)","(-0.18487, -0.2023)",0.0652000122989884
5458,Oval - Waterloo,16957,"(51.48354, 51.50095)","(-0.11382, -0.11342)",0.0651692648279679
6080,South Bank - Southwark,16949,"(51.50561, 51.50394)","(-0.1129, -0.10448)",0.0651385173569474
3474,Guildhall - Hoxton,16944,"(51.51718, 51.53134)","(-0.09211, -0.08565)",0.06511930018755957
5572,Pimlico - St. James's,16931,"(51.48891, 51.50703)","(-0.13785, -0.1332)",0.06506933554715125
3707,Haggerston - King's Cross,16924,"(51.53581, 51.53367)","(-0.07083, -0.12209)",0.0650424315100083
497,Bankside - London Bridge,16872,"(51.50618, 51.50423)","(-0.09824, -0.08544)",0.06484257294837499
424,Bank - Stepney,16871,"(51.5128, 51.51704)","(-0.09163, -0.04924)",0.06483872951449743
4496,Knightsbridge - Shepherd's Bush,16799,"(51.49808, 51.50309)","(-0.16788, -0.21891)",0.06456200227531285
823,Battersea Park - Marylebone,16784,"(51.47738, 51.51948)","(-0.1542, -0.15783)",0.0645043507671494
4493,Knightsbridge - Sands End,16727,"(51.49808, 51.47049)","(-0.16788, -0.18915)",0.06428527503612828
6531,West Chelsea - Westminster,16723,"(51.48226, 51.49676)","(-0.17975, -0.13301)",0.06426990130061802
3865,Holborn - Monument,16709,"(51.51776, 51.50981)","(-0.11324, -0.08432)",0.06421609322633214
5079,Monument - Shadwell,16664,"(51.50981, 51.51053)","(-0.08432, -0.05564)",0.06404313870184178
5081,Monument - Shoreditch,16628,"(51.50981, 51.52416)","(-0.08432, -0.07619)",0.06390477508224948
4659,Liverpool Street - Marylebone,16575,"(51.51883, 51.51948)","(-0.08165, -0.15783)",0.06370107308673861
5507,Paddington - West End,16544,"(51.51778, 51.50988)","(-0.17339, -0.13306)",0.06358192663653414
2068,Canary Wharf - Tower,16528,"(51.50414, 51.50894)","(-0.0204, -0.07437)",0.06352043169449313
394,Bank - Moorgate,16520,"(51.5128, 51.5203)","(-0.09163, -0.08794)",0.06348968422347262
3138,Euston - Waterloo,16455,"(51.5261, 51.50095)","(-0.13489, -0.11342)",0.06323986102143099
4863,Marylebone - Somers Town,16413,"(51.51948, 51.52907)","(-0.15783, -0.13026)",0.06307843679857332
4685,Liverpool Street - Soho,16391,"(51.51883, 51.5134)","(-0.08165, -0.13325)",0.06299388125326692
972,Bayswater - Victoria,16377,"(51.515, 51.49382)","(-0.18647, -0.14285)",0.06294007317898102
2403,Clapham Junction - Nine Elms,16324,"(51.46406, 51.48107)","(-0.17169, -0.1387)",0.06273637118347015
3410,Fulham - Mayfair,16323,"(51.47634, 51.50988)","(-0.21127, -0.1479)",0.06273252774959259
6300,Stockwell - Walworth,16281,"(51.4741, 51.48986)","(-0.11947, -0.09434)",0.06257110352673492
3099,Euston - Paddington,16277,"(51.5261, 51.51778)","(-0.13489, -0.17339)",0.06255572979122467
3001,Elephant & Castle - Liverpool Street,16243,"(51.49684, 51.51883)","(-0.10327, -0.08165)",0.06242505303938751
874,Battersea Park - Waterloo,16228,"(51.47738, 51.50095)","(-0.1542, -0.11342)",0.062367401531224054
6269,Stepney - Strand,16212,"(51.51704, 51.51027)","(-0.04924, -0.12048)",0.06230590658918304
1246,Bethnal Green - Moorgate,16210,"(51.52744, 51.5203)","(-0.05739, -0.08794)",0.06229821972142791
3896,Holborn - Stepney,16199,"(51.51776, 51.51704)","(-0.11324, -0.04924)",0.062255941948774714
5176,Nine Elms - Pimlico,16177,"(51.48107, 51.48891)","(-0.1387, -0.13785)",0.062171386403468316
802,Battersea Park - Fulham,16154,"(51.47738, 51.47634)","(-0.1542, -0.21127)",0.06208298742428435
4257,Kennington - Walworth,16142,"(51.48872, 51.48986)","(-0.10729, -0.09434)",0.06203686621775359
346,Bank - Bloomsbury,16121,"(51.5128, 51.52292)","(-0.09163, -0.12635)",0.061956154106324754
5205,Nine Elms - Victoria,16115,"(51.48107, 51.49382)","(-0.1387, -0.14285)",0.061933093503059373
5026,Millwall - Shadwell,16099,"(51.49424, 51.51053)","(-0.02052, -0.05564)",0.06187159856101836
3566,Hackney Central - Mile End,16078,"(51.53829, 51.52326)","(-0.05902, -0.03619)",0.06179088644958952
4639,Limehouse - Tower,16071,"(51.5121, 51.50894)","(-0.03294, -0.07437)",0.06176398241244658
2554,Covent Garden - Fitzrovia,16044,"(51.51554, 51.51986)","(-0.12301, -0.13867)",0.061660209697752356
5090,Monument - St. Paul's,16028,"(51.50981, 51.51356)","(-0.08432, -0.0994)",0.06159871475571134
585,Barbican - Finsbury,16026,"(51.52011, 51.52687)","(-0.09512, -0.10235)",0.061591027887956215
3384,Fitzrovia - West End,16014,"(51.51986, 51.50988)","(-0.13867, -0.13306)",0.061544906681425454
814,Battersea Park - Kensington,16010,"(51.47738, 51.50034)","(-0.1542, -0.19268)",0.0615295329459152
1291,Bethnal Green - Wapping,15995,"(51.52744, 51.50669)","(-0.05739, -0.06397)",0.061471881437751744
1263,Bethnal Green - Shadwell,15991,"(51.52744, 51.51053)","(-0.05739, -0.05564)",0.06145650770224149
4924,Mayfair - St. James's,15968,"(51.50988, 51.50703)","(-0.1479, -0.1332)",0.06136810872305753
96,Aldgate - Tower,15956,"(51.51398, 51.50894)","(-0.07464, -0.07437)",0.06132198751652677
1174,Bermondsey - Stockwell,15932,"(51.49718, 51.4741)","(-0.073, -0.11947)",0.06122974510346524
5880,Shadwell - Shoreditch,15930,"(51.51053, 51.52416)","(-0.05564, -0.07619)",0.061222058235710114
1022,Belgravia - Hyde Park,15920,"(51.49656, 51.50562)","(-0.15272, -0.16149)",0.06118362389693448
1986,Camden Town - West End,15866,"(51.53821, 51.50988)","(-0.14134, -0.13306)",0.06097607846754605
403,Bank - Pimlico,15862,"(51.5128, 51.48891)","(-0.09163, -0.13785)",0.06096070473203579
2602,Covent Garden - Soho,15856,"(51.51554, 51.5134)","(-0.12301, -0.13325)",0.06093764412877041
695,Battersea - Fulham,15824,"(51.47151, 51.47634)","(-0.16366, -0.21127)",0.060814654244688376
3364,Fitzrovia - St.John's Wood,15819,"(51.51986, 51.52981)","(-0.13867, -0.17254)",0.06079543707530056
3780,Hammersmith - Kensington Gardens,15816,"(51.48948, 51.506)","(-0.22358, -0.18487)",0.060783906773667865
1594,Borough - Wapping,15794,"(51.49946, 51.50669)","(-0.09326, -0.06397)",0.06069935122836147
636,Barbican - South Bank,15792,"(51.52011, 51.50561)","(-0.09512, -0.1129)",0.06069166436060634
2158,Chelsea - Strand,15768,"(51.48862, 51.51027)","(-0.16723, -0.12048)",0.060599421947544814
4948,Mayfair - West Kensington,15767,"(51.50988, 51.4876)","(-0.1479, -0.20617)",0.06059557851366725
3174,Farringdon - Moorgate,15651,"(51.51778, 51.5203)","(-0.1022, -0.08794)",0.06014974018386988
6193,St. Luke's - St. Paul's,15616,"(51.52613, 51.51356)","(-0.0929, -0.0994)",0.06001521999815515
87,Aldgate - St. Luke's,15609,"(51.51398, 51.52613)","(-0.07464, -0.0929)",0.05998831596101221
3608,Hackney Central - Victoria Park,15547,"(51.53829, 51.53902)","(-0.05902, -0.03903)",0.059750023060603265
3397,Fulham - Hyde Park,15482,"(51.47634, 51.50562)","(-0.21127, -0.16149)",0.059500199858561635
2660,Cubitt Town - Limehouse,15464,"(51.49292, 51.5121)","(-0.01048, -0.03294)",0.05943101804876549
137,Angel - Covent Garden,15439,"(51.53324, 51.51554)","(-0.10652, -0.12301)",0.0593349322018264
3904,Holborn - Victoria,15434,"(51.51776, 51.49382)","(-0.11324, -0.14285)",0.059315715032438585
2856,Earl's Court - Sands End,15424,"(51.49213, 51.47049)","(-0.19276, -0.18915)",0.05927728069366295
3519,Guildhall - St. Luke's,15403,"(51.51718, 51.52613)","(-0.09211, -0.0929)",0.05919656858223411
1583,Borough - Temple,15343,"(51.49946, 51.5121)","(-0.09326, -0.10936)",0.058965962549580295
6104,South Bank - West End,15323,"(51.50561, 51.50988)","(-0.1129, -0.13306)",0.05888909387202902
226,Angel - Whitechapel,15280,"(51.53324, 51.51808)","(-0.10652, -0.06597)",0.05872382621529379
51,Aldgate - Limehouse,15277,"(51.51398, 51.5121)","(-0.07464, -0.03294)",0.0587122959136611
3121,Euston - St.John's Wood,15273,"(51.5261, 51.52981)","(-0.13489, -0.17254)",0.05869692217815085
4779,Maida Vale - Mayfair,15266,"(51.52626, 51.50988)","(-0.18231, -0.1479)",0.058670018141007904
4663,Liverpool Street - Monument,15222,"(51.51883, 51.50981)","(-0.08165, -0.08432)",0.0585009070503951
741,Battersea - Sloane Square,15181,"(51.47151, 51.49313)","(-0.16366, -0.15688)",0.058343326261415
4761,London Bridge - Vauxhall,15174,"(51.50423, 51.49028)","(-0.08544, -0.1185)",0.05831642222427205
1532,Borough - Hyde Park,15169,"(51.49946, 51.50562)","(-0.09326, -0.16149)",0.058297205054884234
576,Barbican - Clerkenwell,15164,"(51.52011, 51.5262)","(-0.09512, -0.10962)",0.058277987885496416
344,Bank - Bethnal Green,15145,"(51.5128, 51.52744)","(-0.09163, -0.05739)",0.05820496264182271
1901,Camden Town - Covent Garden,15083,"(51.53821, 51.51554)","(-0.14134, -0.12301)",0.05796666974141377
83,Aldgate - South Bank,15063,"(51.51398, 51.50561)","(-0.07464, -0.1129)",0.057889801063862496
